-- phpMyAdmin SQL Dump
-- version 5.2.0
-- https://www.phpmyadmin.net/
--
-- Host: localhost:3306
-- Generation Time: Aug 23, 2024 at 12:17 PM
-- Server version: 8.0.30
-- PHP Version: 8.2.21

SET SQL_MODE = "NO_AUTO_VALUE_ON_ZERO";
START TRANSACTION;
SET time_zone = "+00:00";


/*!40101 SET @OLD_CHARACTER_SET_CLIENT=@@CHARACTER_SET_CLIENT */;
/*!40101 SET @OLD_CHARACTER_SET_RESULTS=@@CHARACTER_SET_RESULTS */;
/*!40101 SET @OLD_COLLATION_CONNECTION=@@COLLATION_CONNECTION */;
/*!40101 SET NAMES utf8mb4 */;

--
-- Database: `filament-admin`
--

-- --------------------------------------------------------

--
-- Table structure for table `cache`
--

CREATE TABLE `cache` (
  `key` varchar(255) COLLATE utf8mb4_unicode_ci NOT NULL,
  `value` mediumtext COLLATE utf8mb4_unicode_ci NOT NULL,
  `expiration` int NOT NULL
) ENGINE=InnoDB DEFAULT CHARSET=utf8mb4 COLLATE=utf8mb4_unicode_ci;

--
-- Dumping data for table `cache`
--

INSERT INTO `cache` (`key`, `value`, `expiration`) VALUES
('356a192b7913b04c54574d18c28d46e6395428ab', 'i:2;', 1724415369),
('356a192b7913b04c54574d18c28d46e6395428ab:timer', 'i:1724415369;', 1724415369),
('a17961fa74e9275d529f489537f179c05d50c2f3', 'i:1;', 1724412827),
('a17961fa74e9275d529f489537f179c05d50c2f3:timer', 'i:1724412827;', 1724412827);

-- --------------------------------------------------------

--
-- Table structure for table `cache_locks`
--

CREATE TABLE `cache_locks` (
  `key` varchar(255) COLLATE utf8mb4_unicode_ci NOT NULL,
  `owner` varchar(255) COLLATE utf8mb4_unicode_ci NOT NULL,
  `expiration` int NOT NULL
) ENGINE=InnoDB DEFAULT CHARSET=utf8mb4 COLLATE=utf8mb4_unicode_ci;

-- --------------------------------------------------------

--
-- Table structure for table `cities`
--

CREATE TABLE `cities` (
  `id` bigint UNSIGNED NOT NULL,
  `name` varchar(50) COLLATE utf8mb4_unicode_ci NOT NULL,
  `state_id` bigint UNSIGNED DEFAULT NULL,
  `created_at` timestamp NULL DEFAULT NULL,
  `updated_at` timestamp NULL DEFAULT NULL
) ENGINE=InnoDB DEFAULT CHARSET=utf8mb4 COLLATE=utf8mb4_unicode_ci;

--
-- Dumping data for table `cities`
--

INSERT INTO `cities` (`id`, `name`, `state_id`, `created_at`, `updated_at`) VALUES
(1, 'East Jacksonmouth', 65, '2024-08-14 00:08:01', '2024-08-14 00:08:01'),
(2, 'South Santaborough', 96, '2024-08-14 00:08:01', '2024-08-14 00:08:01'),
(3, 'North Nico', 66, '2024-08-14 00:08:01', '2024-08-14 00:08:01'),
(4, 'North Fletcher', 79, '2024-08-14 00:08:01', '2024-08-14 00:08:01'),
(5, 'Borerbury', 64, '2024-08-14 00:08:01', '2024-08-14 00:08:01'),
(6, 'Armstrongborough', 25, '2024-08-14 00:08:01', '2024-08-14 00:08:01'),
(7, 'Monicahaven', 26, '2024-08-14 00:08:01', '2024-08-14 00:08:01'),
(8, 'Willmschester', 46, '2024-08-14 00:08:01', '2024-08-14 00:08:01'),
(9, 'North Garret', 15, '2024-08-14 00:08:01', '2024-08-14 00:08:01'),
(10, 'Port Murlchester', 27, '2024-08-14 00:08:01', '2024-08-14 00:08:01'),
(11, 'East Emelia', 61, '2024-08-14 00:08:01', '2024-08-14 00:08:01'),
(12, 'East Luluside', 6, '2024-08-14 00:08:01', '2024-08-14 00:08:01'),
(13, 'Lake America', 33, '2024-08-14 00:08:01', '2024-08-14 00:08:01'),
(14, 'Bernierside', 54, '2024-08-14 00:08:01', '2024-08-14 00:08:01'),
(15, 'Nolaville', 94, '2024-08-14 00:08:01', '2024-08-14 00:08:01'),
(16, 'Lake Josue', 63, '2024-08-14 00:08:01', '2024-08-14 00:08:01'),
(17, 'Schuppetown', 55, '2024-08-14 00:08:01', '2024-08-14 00:08:01'),
(18, 'West Elmore', 20, '2024-08-14 00:08:01', '2024-08-14 00:08:01'),
(19, 'Rohanstad', 64, '2024-08-14 00:08:01', '2024-08-14 00:08:01'),
(20, 'Stefanieland', 34, '2024-08-14 00:08:01', '2024-08-14 00:08:01'),
(21, 'Blandamouth', 19, '2024-08-14 00:08:01', '2024-08-14 00:08:01'),
(22, 'West Margottown', 17, '2024-08-14 00:08:01', '2024-08-14 00:08:01'),
(23, 'Elroyborough', 90, '2024-08-14 00:08:01', '2024-08-14 00:08:01'),
(24, 'South Abdullahtown', 80, '2024-08-14 00:08:01', '2024-08-14 00:08:01'),
(25, 'Huntermouth', 85, '2024-08-14 00:08:01', '2024-08-14 00:08:01'),
(26, 'Marcside', 73, '2024-08-14 00:08:01', '2024-08-14 00:08:01'),
(27, 'Port Alejandraside', 77, '2024-08-14 00:08:01', '2024-08-14 00:08:01'),
(28, 'Lake Lisandroburgh', 7, '2024-08-14 00:08:01', '2024-08-14 00:08:01'),
(29, 'Port Faustoside', 35, '2024-08-14 00:08:01', '2024-08-14 00:08:01'),
(30, 'Aftonside', 51, '2024-08-14 00:08:01', '2024-08-14 00:08:01'),
(31, 'East Moniquechester', 98, '2024-08-14 00:08:01', '2024-08-14 00:08:01'),
(32, 'South Derick', 99, '2024-08-14 00:08:01', '2024-08-14 00:08:01'),
(33, 'Jaylinville', 68, '2024-08-14 00:08:01', '2024-08-14 00:08:01'),
(34, 'Beattyport', 46, '2024-08-14 00:08:02', '2024-08-14 00:08:02'),
(35, 'South Ofeliaville', 53, '2024-08-14 00:08:02', '2024-08-14 00:08:02'),
(36, 'Kundeland', 20, '2024-08-14 00:08:02', '2024-08-14 00:08:02'),
(37, 'North Chasity', 18, '2024-08-14 00:08:02', '2024-08-14 00:08:02'),
(38, 'West Ewell', 90, '2024-08-14 00:08:02', '2024-08-14 00:08:02'),
(39, 'Erikmouth', 23, '2024-08-14 00:08:02', '2024-08-14 00:08:02'),
(40, 'Lake Vanceside', 63, '2024-08-14 00:08:02', '2024-08-14 00:08:02'),
(41, 'East Kianastad', 35, '2024-08-14 00:08:02', '2024-08-14 00:08:02'),
(42, 'Wolfborough', 95, '2024-08-14 00:08:02', '2024-08-14 00:08:02'),
(43, 'East Norvalfort', 87, '2024-08-14 00:08:02', '2024-08-14 00:08:02'),
(44, 'Percivalmouth', 34, '2024-08-14 00:08:02', '2024-08-14 00:08:02'),
(45, 'Roweville', 97, '2024-08-14 00:08:02', '2024-08-14 00:08:02'),
(46, 'North Kali', 5, '2024-08-14 00:08:02', '2024-08-14 00:08:02'),
(47, 'Williamsonport', 72, '2024-08-14 00:08:02', '2024-08-14 00:08:02'),
(48, 'Kovacekshire', 15, '2024-08-14 00:08:02', '2024-08-14 00:08:02'),
(49, 'West Medafurt', 81, '2024-08-14 00:08:02', '2024-08-14 00:08:02'),
(50, 'North Amaliaton', 69, '2024-08-14 00:08:02', '2024-08-14 00:08:02'),
(51, 'Reillyshire', 43, '2024-08-14 00:08:02', '2024-08-14 00:08:02'),
(52, 'Lake Brice', 7, '2024-08-14 00:08:02', '2024-08-14 00:08:02'),
(53, 'New Jasminfort', 50, '2024-08-14 00:08:02', '2024-08-14 00:08:02'),
(54, 'Cristton', 96, '2024-08-14 00:08:02', '2024-08-14 00:08:02'),
(55, 'Enosfurt', 18, '2024-08-14 00:08:02', '2024-08-14 00:08:02'),
(56, 'New Leopold', 6, '2024-08-14 00:08:02', '2024-08-14 00:08:02'),
(57, 'Stefanburgh', 18, '2024-08-14 00:08:02', '2024-08-14 00:08:02'),
(58, 'Colliershire', 44, '2024-08-14 00:08:02', '2024-08-14 00:08:02'),
(59, 'Simonisshire', 34, '2024-08-14 00:08:02', '2024-08-14 00:08:02'),
(60, 'Port Alexzander', 34, '2024-08-14 00:08:02', '2024-08-14 00:08:02'),
(61, 'Dinochester', 59, '2024-08-14 00:08:02', '2024-08-14 00:08:02'),
(62, 'Batzbury', 74, '2024-08-14 00:08:02', '2024-08-14 00:08:02'),
(63, 'Shanonside', 71, '2024-08-14 00:08:02', '2024-08-14 00:08:02'),
(64, 'Jacyntheville', 11, '2024-08-14 00:08:02', '2024-08-14 00:08:02'),
(65, 'Port Alba', 26, '2024-08-14 00:08:02', '2024-08-14 00:08:02'),
(66, 'West Omaborough', 10, '2024-08-14 00:08:02', '2024-08-14 00:08:02'),
(67, 'North Cleo', 43, '2024-08-14 00:08:02', '2024-08-14 00:08:02'),
(68, 'Lake Marcelo', 67, '2024-08-14 00:08:02', '2024-08-14 00:08:02'),
(69, 'West Leanneville', 15, '2024-08-14 00:08:02', '2024-08-14 00:08:02'),
(70, 'Feesthaven', 36, '2024-08-14 00:08:02', '2024-08-14 00:08:02'),
(71, 'New Vernon', 15, '2024-08-14 00:08:02', '2024-08-14 00:08:02'),
(72, 'New Adrianhaven', 65, '2024-08-14 00:08:02', '2024-08-14 00:08:02'),
(73, 'Arelytown', 16, '2024-08-14 00:08:02', '2024-08-14 00:08:02'),
(74, 'Gottliebfort', 85, '2024-08-14 00:08:02', '2024-08-14 00:08:02'),
(75, 'Keanuton', 36, '2024-08-14 00:08:02', '2024-08-14 00:08:02'),
(76, 'Feestchester', 22, '2024-08-14 00:08:02', '2024-08-14 00:08:02'),
(77, 'Kerlukeshire', 68, '2024-08-14 00:08:02', '2024-08-14 00:08:02'),
(78, 'South Carlosmouth', 11, '2024-08-14 00:08:02', '2024-08-14 00:08:02'),
(79, 'South Destinihaven', 1, '2024-08-14 00:08:02', '2024-08-14 00:08:02'),
(80, 'Asiabury', 49, '2024-08-14 00:08:02', '2024-08-14 00:08:02'),
(81, 'North Joesphborough', 89, '2024-08-14 00:08:02', '2024-08-14 00:08:02'),
(82, 'Auerville', 86, '2024-08-14 00:08:02', '2024-08-14 00:08:02'),
(83, 'West Aniyafurt', 53, '2024-08-14 00:08:02', '2024-08-14 00:08:02'),
(84, 'Feeneyburgh', 98, '2024-08-14 00:08:02', '2024-08-14 00:08:02'),
(85, 'Louborough', 94, '2024-08-14 00:08:02', '2024-08-14 00:08:02'),
(86, 'East Jordan', 50, '2024-08-14 00:08:02', '2024-08-14 00:08:02'),
(87, 'Zitatown', 4, '2024-08-14 00:08:02', '2024-08-14 00:08:02'),
(88, 'East Sigmund', 17, '2024-08-14 00:08:02', '2024-08-14 00:08:02'),
(89, 'Roderickville', 92, '2024-08-14 00:08:02', '2024-08-14 00:08:02'),
(90, 'Alexandriabury', 18, '2024-08-14 00:08:02', '2024-08-14 00:08:02'),
(91, 'Wendellview', 25, '2024-08-14 00:08:02', '2024-08-14 00:08:02'),
(92, 'Kuhicton', 75, '2024-08-14 00:08:02', '2024-08-14 00:08:02'),
(93, 'Dickifort', 98, '2024-08-14 00:08:02', '2024-08-14 00:08:02'),
(94, 'East Madaline', 40, '2024-08-14 00:08:02', '2024-08-14 00:08:02'),
(95, 'Olgaview', 86, '2024-08-14 00:08:02', '2024-08-14 00:08:02'),
(96, 'Annabellchester', 57, '2024-08-14 00:08:02', '2024-08-14 00:08:02'),
(97, 'New Oral', 13, '2024-08-14 00:08:02', '2024-08-14 00:08:02'),
(98, 'Batzmouth', 66, '2024-08-14 00:08:02', '2024-08-14 00:08:02'),
(99, 'South Angusberg', 21, '2024-08-14 00:08:02', '2024-08-14 00:08:02'),
(100, 'South Lucioside', 20, '2024-08-14 00:08:02', '2024-08-14 00:08:02'),
(101, 'New Kieraborough', 87, '2024-08-14 00:08:02', '2024-08-14 00:08:02'),
(102, 'Titusshire', 16, '2024-08-14 00:08:02', '2024-08-14 00:08:02'),
(103, 'West Imanimouth', 50, '2024-08-14 00:08:02', '2024-08-14 00:08:02'),
(104, 'New Vladimir', 80, '2024-08-14 00:08:02', '2024-08-14 00:08:02'),
(105, 'West Hermanside', 61, '2024-08-14 00:08:02', '2024-08-14 00:08:02'),
(106, 'East Cleo', 86, '2024-08-14 00:08:02', '2024-08-14 00:08:02'),
(107, 'Purdyberg', 30, '2024-08-14 00:08:02', '2024-08-14 00:08:02'),
(108, 'Littleview', 75, '2024-08-14 00:08:02', '2024-08-14 00:08:02'),
(109, 'Antonioport', 51, '2024-08-14 00:08:02', '2024-08-14 00:08:02'),
(110, 'Luzmouth', 61, '2024-08-14 00:08:02', '2024-08-14 00:08:02'),
(111, 'Kuphalshire', 43, '2024-08-14 00:08:02', '2024-08-14 00:08:02'),
(112, 'East Rafaelbury', 96, '2024-08-14 00:08:02', '2024-08-14 00:08:02'),
(113, 'East Maximusmouth', 40, '2024-08-14 00:08:02', '2024-08-14 00:08:02'),
(114, 'Tillmanport', 75, '2024-08-14 00:08:02', '2024-08-14 00:08:02'),
(115, 'Lukasburgh', 74, '2024-08-14 00:08:02', '2024-08-14 00:08:02'),
(116, 'Maggioton', 68, '2024-08-14 00:08:02', '2024-08-14 00:08:02'),
(117, 'Berniemouth', 95, '2024-08-14 00:08:02', '2024-08-14 00:08:02'),
(118, 'Emersonside', 74, '2024-08-14 00:08:02', '2024-08-14 00:08:02'),
(119, 'Annieville', 71, '2024-08-14 00:08:02', '2024-08-14 00:08:02'),
(120, 'Floridaville', 89, '2024-08-14 00:08:02', '2024-08-14 00:08:02'),
(121, 'Jonesstad', 75, '2024-08-14 00:08:02', '2024-08-14 00:08:02'),
(122, 'West Garrisonhaven', 88, '2024-08-14 00:08:02', '2024-08-14 00:08:02'),
(123, 'Jacobiport', 98, '2024-08-14 00:08:02', '2024-08-14 00:08:02'),
(124, 'Schummmouth', 44, '2024-08-14 00:08:02', '2024-08-14 00:08:02'),
(125, 'Wildermanland', 64, '2024-08-14 00:08:02', '2024-08-14 00:08:02'),
(126, 'Funkside', 35, '2024-08-14 00:08:02', '2024-08-14 00:08:02'),
(127, 'Pricehaven', 47, '2024-08-14 00:08:02', '2024-08-14 00:08:02'),
(128, 'McCulloughside', 86, '2024-08-14 00:08:02', '2024-08-14 00:08:02'),
(129, 'North Alessandra', 99, '2024-08-14 00:08:02', '2024-08-14 00:08:02'),
(130, 'East Rowanstad', 80, '2024-08-14 00:08:02', '2024-08-14 00:08:02'),
(131, 'Dickensland', 38, '2024-08-14 00:08:02', '2024-08-14 00:08:02'),
(132, 'East Ardenport', 74, '2024-08-14 00:08:02', '2024-08-14 00:08:02'),
(133, 'North Dave', 62, '2024-08-14 00:08:02', '2024-08-14 00:08:02'),
(134, 'North Davionbury', 82, '2024-08-14 00:08:02', '2024-08-14 00:08:02'),
(135, 'Considinetown', 53, '2024-08-14 00:08:02', '2024-08-14 00:08:02'),
(136, 'North Eleonoreberg', 5, '2024-08-14 00:08:02', '2024-08-14 00:08:02'),
(137, 'Theodorashire', 14, '2024-08-14 00:08:02', '2024-08-14 00:08:02'),
(138, 'Harberville', 73, '2024-08-14 00:08:02', '2024-08-14 00:08:02'),
(139, 'East Brielleville', 66, '2024-08-14 00:08:02', '2024-08-14 00:08:02'),
(140, 'Port Ryann', 92, '2024-08-14 00:08:02', '2024-08-14 00:08:02'),
(141, 'Marvinmouth', 37, '2024-08-14 00:08:02', '2024-08-14 00:08:02'),
(142, 'Jameyton', 32, '2024-08-14 00:08:02', '2024-08-14 00:08:02'),
(143, 'Port Candida', 9, '2024-08-14 00:08:02', '2024-08-14 00:08:02'),
(144, 'South Mekhiberg', 20, '2024-08-14 00:08:02', '2024-08-14 00:08:02'),
(145, 'East Filomena', 23, '2024-08-14 00:08:02', '2024-08-14 00:08:02'),
(146, 'Port Antonio', 27, '2024-08-14 00:08:02', '2024-08-14 00:08:02'),
(147, 'New Maiamouth', 99, '2024-08-14 00:08:02', '2024-08-14 00:08:02'),
(148, 'Rebekaland', 26, '2024-08-14 00:08:02', '2024-08-14 00:08:02'),
(149, 'Lurlineport', 54, '2024-08-14 00:08:02', '2024-08-14 00:08:02'),
(150, 'West Kellenchester', 15, '2024-08-14 00:08:02', '2024-08-14 00:08:02'),
(151, 'New Rosina', 29, '2024-08-14 00:08:02', '2024-08-14 00:08:02'),
(152, 'Edwinafurt', 29, '2024-08-14 00:08:02', '2024-08-14 00:08:02'),
(153, 'Runteburgh', 30, '2024-08-14 00:08:02', '2024-08-14 00:08:02'),
(154, 'Vincenzabury', 44, '2024-08-14 00:08:02', '2024-08-14 00:08:02'),
(155, 'North Darrell', 66, '2024-08-14 00:08:02', '2024-08-14 00:08:02'),
(156, 'Chaunceyshire', 90, '2024-08-14 00:08:02', '2024-08-14 00:08:02'),
(157, 'Tillmanstad', 49, '2024-08-14 00:08:02', '2024-08-14 00:08:02'),
(158, 'North Talonport', 55, '2024-08-14 00:08:02', '2024-08-14 00:08:02'),
(159, 'Dachfort', 38, '2024-08-14 00:08:02', '2024-08-14 00:08:02'),
(160, 'Port Magdalenaview', 58, '2024-08-14 00:08:02', '2024-08-14 00:08:02'),
(161, 'East Rosalindshire', 78, '2024-08-14 00:08:02', '2024-08-14 00:08:02'),
(162, 'Mohrchester', 93, '2024-08-14 00:08:02', '2024-08-14 00:08:02'),
(163, 'Kathlynmouth', 5, '2024-08-14 00:08:02', '2024-08-14 00:08:02'),
(164, 'Port Horaciohaven', 43, '2024-08-14 00:08:02', '2024-08-14 00:08:02'),
(165, 'North Sydnee', 88, '2024-08-14 00:08:02', '2024-08-14 00:08:02'),
(166, 'East Nelle', 82, '2024-08-14 00:08:02', '2024-08-14 00:08:02'),
(167, 'South Madelynfort', 23, '2024-08-14 00:08:02', '2024-08-14 00:08:02'),
(168, 'East Letha', 58, '2024-08-14 00:08:02', '2024-08-14 00:08:02'),
(169, 'Electamouth', 3, '2024-08-14 00:08:02', '2024-08-14 00:08:02'),
(170, 'Berneicechester', 76, '2024-08-14 00:08:02', '2024-08-14 00:08:02'),
(171, 'North Shaylee', 43, '2024-08-14 00:08:02', '2024-08-14 00:08:02'),
(172, 'Manntown', 59, '2024-08-14 00:08:02', '2024-08-14 00:08:02'),
(173, 'Bartelltown', 1, '2024-08-14 00:08:02', '2024-08-14 00:08:02'),
(174, 'Uptonside', 42, '2024-08-14 00:08:02', '2024-08-14 00:08:02'),
(175, 'Millstown', 70, '2024-08-14 00:08:02', '2024-08-14 00:08:02'),
(176, 'Sheldonland', 100, '2024-08-14 00:08:02', '2024-08-14 00:08:02'),
(177, 'Schuppeberg', 33, '2024-08-14 00:08:02', '2024-08-14 00:08:02'),
(178, 'South Lessieberg', 48, '2024-08-14 00:08:02', '2024-08-14 00:08:02'),
(179, 'North Wardfurt', 93, '2024-08-14 00:08:02', '2024-08-14 00:08:02'),
(180, 'Hegmannton', 66, '2024-08-14 00:08:02', '2024-08-14 00:08:02'),
(181, 'South Krystal', 55, '2024-08-14 00:08:02', '2024-08-14 00:08:02'),
(182, 'East Lee', 51, '2024-08-14 00:08:02', '2024-08-14 00:08:02'),
(183, 'Damarischester', 91, '2024-08-14 00:08:02', '2024-08-14 00:08:02'),
(184, 'Marianastad', 13, '2024-08-14 00:08:02', '2024-08-14 00:08:02'),
(185, 'Lake Keegan', 4, '2024-08-14 00:08:02', '2024-08-14 00:08:02'),
(186, 'Lake Retahaven', 2, '2024-08-14 00:08:02', '2024-08-14 00:08:02'),
(187, 'South Marcos', 10, '2024-08-14 00:08:02', '2024-08-14 00:08:02'),
(188, 'Lake Johannaview', 13, '2024-08-14 00:08:02', '2024-08-14 00:08:02'),
(189, 'North Raymouth', 68, '2024-08-14 00:08:02', '2024-08-14 00:08:02'),
(190, 'Sanfordshire', 43, '2024-08-14 00:08:02', '2024-08-14 00:08:02'),
(191, 'Port Kristofer', 37, '2024-08-14 00:08:02', '2024-08-14 00:08:02'),
(192, 'East Bradenstad', 82, '2024-08-14 00:08:02', '2024-08-14 00:08:02'),
(193, 'Sanfordberg', 94, '2024-08-14 00:08:02', '2024-08-14 00:08:02'),
(194, 'Lake Consueloton', 11, '2024-08-14 00:08:02', '2024-08-14 00:08:02'),
(195, 'Amarimouth', 38, '2024-08-14 00:08:02', '2024-08-14 00:08:02'),
(196, 'Haleychester', 84, '2024-08-14 00:08:02', '2024-08-14 00:08:02'),
(197, 'North Casandramouth', 69, '2024-08-14 00:08:02', '2024-08-14 00:08:02'),
(198, 'Abshireview', 16, '2024-08-14 00:08:02', '2024-08-14 00:08:02'),
(199, 'Lewisshire', 75, '2024-08-14 00:08:02', '2024-08-14 00:08:02'),
(200, 'Ilafurt', 86, '2024-08-14 00:08:02', '2024-08-14 00:08:02'),
(201, 'New Freeda', 78, '2024-08-14 00:08:02', '2024-08-14 00:08:02'),
(202, 'North Daynamouth', 80, '2024-08-14 00:08:02', '2024-08-14 00:08:02'),
(203, 'Port King', 26, '2024-08-14 00:08:02', '2024-08-14 00:08:02'),
(204, 'Ernserton', 40, '2024-08-14 00:08:02', '2024-08-14 00:08:02'),
(205, 'Morissettefort', 18, '2024-08-14 00:08:02', '2024-08-14 00:08:02'),
(206, 'Jaedentown', 7, '2024-08-14 00:08:02', '2024-08-14 00:08:02'),
(207, 'East Faustoshire', 55, '2024-08-14 00:08:02', '2024-08-14 00:08:02'),
(208, 'West Deontae', 52, '2024-08-14 00:08:02', '2024-08-14 00:08:02'),
(209, 'Kirlintown', 30, '2024-08-14 00:08:02', '2024-08-14 00:08:02'),
(210, 'Port Ophelia', 92, '2024-08-14 00:08:02', '2024-08-14 00:08:02'),
(211, 'Stoltenbergmouth', 12, '2024-08-14 00:08:02', '2024-08-14 00:08:02'),
(212, 'Donatofurt', 16, '2024-08-14 00:08:02', '2024-08-14 00:08:02'),
(213, 'Sawaynburgh', 67, '2024-08-14 00:08:02', '2024-08-14 00:08:02'),
(214, 'South Lanceshire', 45, '2024-08-14 00:08:02', '2024-08-14 00:08:02'),
(215, 'Annabellstad', 8, '2024-08-14 00:08:02', '2024-08-14 00:08:02'),
(216, 'North Joshua', 30, '2024-08-14 00:08:02', '2024-08-14 00:08:02'),
(217, 'East Patsystad', 79, '2024-08-14 00:08:02', '2024-08-14 00:08:02'),
(218, 'North Emely', 64, '2024-08-14 00:08:02', '2024-08-14 00:08:02'),
(219, 'Ferrytown', 31, '2024-08-14 00:08:02', '2024-08-14 00:08:02'),
(220, 'Port Raquelmouth', 5, '2024-08-14 00:08:02', '2024-08-14 00:08:02'),
(221, 'Port Lianaberg', 50, '2024-08-14 00:08:02', '2024-08-14 00:08:02'),
(222, 'South Nicholeport', 27, '2024-08-14 00:08:02', '2024-08-14 00:08:02'),
(223, 'Friesentown', 85, '2024-08-14 00:08:02', '2024-08-14 00:08:02'),
(224, 'Hayesmouth', 62, '2024-08-14 00:08:02', '2024-08-14 00:08:02'),
(225, 'South Stephen', 27, '2024-08-14 00:08:02', '2024-08-14 00:08:02'),
(226, 'South Alia', 78, '2024-08-14 00:08:02', '2024-08-14 00:08:02'),
(227, 'Lake Rickey', 72, '2024-08-14 00:08:02', '2024-08-14 00:08:02'),
(228, 'Port Mariontown', 35, '2024-08-14 00:08:02', '2024-08-14 00:08:02'),
(229, 'New Maryseburgh', 41, '2024-08-14 00:08:02', '2024-08-14 00:08:02'),
(230, 'South Wiltontown', 88, '2024-08-14 00:08:02', '2024-08-14 00:08:02'),
(231, 'Clydebury', 79, '2024-08-14 00:08:02', '2024-08-14 00:08:02'),
(232, 'New Vicenta', 89, '2024-08-14 00:08:02', '2024-08-14 00:08:02'),
(233, 'Stuartmouth', 6, '2024-08-14 00:08:02', '2024-08-14 00:08:02'),
(234, 'Manteside', 100, '2024-08-14 00:08:02', '2024-08-14 00:08:02'),
(235, 'Veronicafort', 17, '2024-08-14 00:08:02', '2024-08-14 00:08:02'),
(236, 'Adaburgh', 35, '2024-08-14 00:08:02', '2024-08-14 00:08:02'),
(237, 'Kyliemouth', 32, '2024-08-14 00:08:02', '2024-08-14 00:08:02'),
(238, 'Klingfort', 94, '2024-08-14 00:08:02', '2024-08-14 00:08:02'),
(239, 'West Treva', 92, '2024-08-14 00:08:02', '2024-08-14 00:08:02'),
(240, 'McClureshire', 54, '2024-08-14 00:08:02', '2024-08-14 00:08:02'),
(241, 'Lake Haleigh', 43, '2024-08-14 00:08:02', '2024-08-14 00:08:02'),
(242, 'South Arielchester', 1, '2024-08-14 00:08:02', '2024-08-14 00:08:02'),
(243, 'Mayeside', 2, '2024-08-14 00:08:02', '2024-08-14 00:08:02'),
(244, 'East Landenchester', 57, '2024-08-14 00:08:02', '2024-08-14 00:08:02'),
(245, 'Hintztown', 45, '2024-08-14 00:08:02', '2024-08-14 00:08:02'),
(246, 'Mathildeside', 85, '2024-08-14 00:08:02', '2024-08-14 00:08:02'),
(247, 'South Elnaton', 92, '2024-08-14 00:08:02', '2024-08-14 00:08:02'),
(248, 'West Santos', 53, '2024-08-14 00:08:02', '2024-08-14 00:08:02'),
(249, 'Elvisport', 30, '2024-08-14 00:08:02', '2024-08-14 00:08:02'),
(250, 'West Rutheton', 3, '2024-08-14 00:08:02', '2024-08-14 00:08:02'),
(251, 'New Leon', 98, '2024-08-14 00:08:02', '2024-08-14 00:08:02'),
(252, 'Daughertyberg', 70, '2024-08-14 00:08:02', '2024-08-14 00:08:02'),
(253, 'Kristyfurt', 42, '2024-08-14 00:08:02', '2024-08-14 00:08:02'),
(254, 'East Millerport', 33, '2024-08-14 00:08:02', '2024-08-14 00:08:02'),
(255, 'Wavaview', 100, '2024-08-14 00:08:02', '2024-08-14 00:08:02'),
(256, 'East Breana', 57, '2024-08-14 00:08:02', '2024-08-14 00:08:02'),
(257, 'Derekville', 48, '2024-08-14 00:08:02', '2024-08-14 00:08:02'),
(258, 'Babyview', 50, '2024-08-14 00:08:02', '2024-08-14 00:08:02'),
(259, 'Kaylahville', 44, '2024-08-14 00:08:02', '2024-08-14 00:08:02'),
(260, 'Boehmburgh', 96, '2024-08-14 00:08:02', '2024-08-14 00:08:02'),
(261, 'North Elzachester', 25, '2024-08-14 00:08:02', '2024-08-14 00:08:02'),
(262, 'North Aimee', 74, '2024-08-14 00:08:02', '2024-08-14 00:08:02'),
(263, 'Lake General', 82, '2024-08-14 00:08:02', '2024-08-14 00:08:02'),
(264, 'Heidenreichton', 17, '2024-08-14 00:08:02', '2024-08-14 00:08:02'),
(265, 'West Dianna', 69, '2024-08-14 00:08:02', '2024-08-14 00:08:02'),
(266, 'New Giovannymouth', 17, '2024-08-14 00:08:02', '2024-08-14 00:08:02'),
(267, 'South Luciustown', 86, '2024-08-14 00:08:02', '2024-08-14 00:08:02'),
(268, 'North Omerview', 63, '2024-08-14 00:08:02', '2024-08-14 00:08:02'),
(269, 'South Steveview', 31, '2024-08-14 00:08:02', '2024-08-14 00:08:02'),
(270, 'Wehnerbury', 81, '2024-08-14 00:08:02', '2024-08-14 00:08:02'),
(271, 'New Idellshire', 41, '2024-08-14 00:08:02', '2024-08-14 00:08:02'),
(272, 'Metzstad', 28, '2024-08-14 00:08:02', '2024-08-14 00:08:02'),
(273, 'West Frances', 59, '2024-08-14 00:08:02', '2024-08-14 00:08:02'),
(274, 'South Myrtle', 18, '2024-08-14 00:08:02', '2024-08-14 00:08:02'),
(275, 'West Oswaldo', 97, '2024-08-14 00:08:02', '2024-08-14 00:08:02'),
(276, 'New Constantin', 86, '2024-08-14 00:08:02', '2024-08-14 00:08:02'),
(277, 'Sanfordland', 54, '2024-08-14 00:08:02', '2024-08-14 00:08:02'),
(278, 'Othofurt', 50, '2024-08-14 00:08:02', '2024-08-14 00:08:02'),
(279, 'East Isaias', 36, '2024-08-14 00:08:02', '2024-08-14 00:08:02'),
(280, 'Port Delilah', 19, '2024-08-14 00:08:02', '2024-08-14 00:08:02'),
(281, 'Lake Lavernahaven', 4, '2024-08-14 00:08:02', '2024-08-14 00:08:02'),
(282, 'Marilouport', 72, '2024-08-14 00:08:02', '2024-08-14 00:08:02'),
(283, 'Port Antwon', 29, '2024-08-14 00:08:02', '2024-08-14 00:08:02'),
(284, 'Nienowstad', 28, '2024-08-14 00:08:02', '2024-08-14 00:08:02'),
(285, 'Mckenzietown', 87, '2024-08-14 00:08:02', '2024-08-14 00:08:02'),
(286, 'West Clementine', 90, '2024-08-14 00:08:02', '2024-08-14 00:08:02'),
(287, 'Kamillestad', 70, '2024-08-14 00:08:02', '2024-08-14 00:08:02'),
(288, 'Ottisville', 38, '2024-08-14 00:08:02', '2024-08-14 00:08:02'),
(289, 'Lake Leopoldoborough', 60, '2024-08-14 00:08:02', '2024-08-14 00:08:02'),
(290, 'Vinnieberg', 36, '2024-08-14 00:08:02', '2024-08-14 00:08:02'),
(291, 'Nikolausstad', 21, '2024-08-14 00:08:02', '2024-08-14 00:08:02'),
(292, 'Yazmintown', 92, '2024-08-14 00:08:02', '2024-08-14 00:08:02'),
(293, 'Port Gail', 70, '2024-08-14 00:08:02', '2024-08-14 00:08:02'),
(294, 'Lake Tatumside', 74, '2024-08-14 00:08:02', '2024-08-14 00:08:02'),
(295, 'Lubowitzberg', 46, '2024-08-14 00:08:02', '2024-08-14 00:08:02'),
(296, 'Klockoborough', 70, '2024-08-14 00:08:02', '2024-08-14 00:08:02'),
(297, 'Sincereside', 54, '2024-08-14 00:08:02', '2024-08-14 00:08:02'),
(298, 'West Dock', 41, '2024-08-14 00:08:02', '2024-08-14 00:08:02'),
(299, 'Lake Gerda', 91, '2024-08-14 00:08:02', '2024-08-14 00:08:02'),
(300, 'Tremblaytown', 46, '2024-08-14 00:08:02', '2024-08-14 00:08:02'),
(301, 'Port Tonystad', 55, '2024-08-14 00:08:02', '2024-08-14 00:08:02'),
(302, 'Port Shakiramouth', 34, '2024-08-14 00:08:02', '2024-08-14 00:08:02'),
(303, 'West Marcos', 95, '2024-08-14 00:08:02', '2024-08-14 00:08:02'),
(304, 'Katelynton', 65, '2024-08-14 00:08:02', '2024-08-14 00:08:02'),
(305, 'Gretchenmouth', 92, '2024-08-14 00:08:02', '2024-08-14 00:08:02'),
(306, 'North Clarabelle', 88, '2024-08-14 00:08:02', '2024-08-14 00:08:02'),
(307, 'North Rick', 57, '2024-08-14 00:08:02', '2024-08-14 00:08:02'),
(308, 'New Ninaville', 6, '2024-08-14 00:08:02', '2024-08-14 00:08:02'),
(309, 'South Brannonville', 1, '2024-08-14 00:08:02', '2024-08-14 00:08:02'),
(310, 'Dustinshire', 82, '2024-08-14 00:08:02', '2024-08-14 00:08:02'),
(311, 'Martinemouth', 16, '2024-08-14 00:08:02', '2024-08-14 00:08:02'),
(312, 'Jaskolskiborough', 41, '2024-08-14 00:08:02', '2024-08-14 00:08:02'),
(313, 'East Lydialand', 95, '2024-08-14 00:08:02', '2024-08-14 00:08:02'),
(314, 'Miguelhaven', 25, '2024-08-14 00:08:02', '2024-08-14 00:08:02'),
(315, 'Amiyahaven', 84, '2024-08-14 00:08:02', '2024-08-14 00:08:02'),
(316, 'Port Nealville', 81, '2024-08-14 00:08:02', '2024-08-14 00:08:02'),
(317, 'Heaneyborough', 35, '2024-08-14 00:08:02', '2024-08-14 00:08:02'),
(318, 'Lake Hosea', 17, '2024-08-14 00:08:02', '2024-08-14 00:08:02'),
(319, 'Port Aimeeside', 16, '2024-08-14 00:08:02', '2024-08-14 00:08:02'),
(320, 'West Olgamouth', 60, '2024-08-14 00:08:02', '2024-08-14 00:08:02'),
(321, 'Satterfieldborough', 55, '2024-08-14 00:08:02', '2024-08-14 00:08:02'),
(322, 'Bechtelarville', 84, '2024-08-14 00:08:02', '2024-08-14 00:08:02'),
(323, 'McKenzieside', 1, '2024-08-14 00:08:02', '2024-08-14 00:08:02'),
(324, 'Port Caterina', 88, '2024-08-14 00:08:02', '2024-08-14 00:08:02'),
(325, 'Deckowfurt', 78, '2024-08-14 00:08:02', '2024-08-14 00:08:02'),
(326, 'Mauriciobury', 39, '2024-08-14 00:08:02', '2024-08-14 00:08:02'),
(327, 'Port Johanna', 27, '2024-08-14 00:08:02', '2024-08-14 00:08:02'),
(328, 'New Vincentshire', 67, '2024-08-14 00:08:02', '2024-08-14 00:08:02'),
(329, 'Reannamouth', 87, '2024-08-14 00:08:02', '2024-08-14 00:08:02'),
(330, 'North Luisa', 35, '2024-08-14 00:08:02', '2024-08-14 00:08:02'),
(331, 'Lake Lindsayfurt', 34, '2024-08-14 00:08:02', '2024-08-14 00:08:02'),
(332, 'South Gwenview', 10, '2024-08-14 00:08:02', '2024-08-14 00:08:02'),
(333, 'Skylamouth', 29, '2024-08-14 00:08:02', '2024-08-14 00:08:02'),
(334, 'East Cordelia', 47, '2024-08-14 00:08:02', '2024-08-14 00:08:02'),
(335, 'Lake Shaniya', 23, '2024-08-14 00:08:02', '2024-08-14 00:08:02'),
(336, 'Lynchside', 71, '2024-08-14 00:08:02', '2024-08-14 00:08:02'),
(337, 'Kuvalistown', 88, '2024-08-14 00:08:02', '2024-08-14 00:08:02'),
(338, 'Mullershire', 48, '2024-08-14 00:08:02', '2024-08-14 00:08:02'),
(339, 'West Eleanorechester', 67, '2024-08-14 00:08:02', '2024-08-14 00:08:02'),
(340, 'West Abbie', 69, '2024-08-14 00:08:02', '2024-08-14 00:08:02'),
(341, 'North Nicolettefurt', 61, '2024-08-14 00:08:02', '2024-08-14 00:08:02'),
(342, 'Ettieland', 81, '2024-08-14 00:08:02', '2024-08-14 00:08:02'),
(343, 'Presleymouth', 39, '2024-08-14 00:08:02', '2024-08-14 00:08:02'),
(344, 'Lake Vanessa', 65, '2024-08-14 00:08:02', '2024-08-14 00:08:02'),
(345, 'Greentown', 23, '2024-08-14 00:08:02', '2024-08-14 00:08:02'),
(346, 'Port Declanport', 29, '2024-08-14 00:08:02', '2024-08-14 00:08:02'),
(347, 'Port Mia', 19, '2024-08-14 00:08:02', '2024-08-14 00:08:02'),
(348, 'Antoinettemouth', 7, '2024-08-14 00:08:02', '2024-08-14 00:08:02'),
(349, 'Beahanmouth', 71, '2024-08-14 00:08:02', '2024-08-14 00:08:02'),
(350, 'Hamillberg', 74, '2024-08-14 00:08:02', '2024-08-14 00:08:02'),
(351, 'South Orin', 32, '2024-08-14 00:08:02', '2024-08-14 00:08:02'),
(352, 'New Jaedenville', 44, '2024-08-14 00:08:02', '2024-08-14 00:08:02'),
(353, 'New Noelia', 17, '2024-08-14 00:08:02', '2024-08-14 00:08:02'),
(354, 'Port Deontaetown', 3, '2024-08-14 00:08:02', '2024-08-14 00:08:02'),
(355, 'Dachland', 64, '2024-08-14 00:08:02', '2024-08-14 00:08:02'),
(356, 'Zemlakberg', 88, '2024-08-14 00:08:02', '2024-08-14 00:08:02'),
(357, 'West Nikkiton', 28, '2024-08-14 00:08:02', '2024-08-14 00:08:02'),
(358, 'Bayerland', 83, '2024-08-14 00:08:02', '2024-08-14 00:08:02'),
(359, 'North Darwinbury', 75, '2024-08-14 00:08:02', '2024-08-14 00:08:02'),
(360, 'South Muhammad', 39, '2024-08-14 00:08:02', '2024-08-14 00:08:02'),
(361, 'New Kurt', 65, '2024-08-14 00:08:02', '2024-08-14 00:08:02'),
(362, 'Gaylordside', 100, '2024-08-14 00:08:02', '2024-08-14 00:08:02'),
(363, 'Shanelborough', 85, '2024-08-14 00:08:02', '2024-08-14 00:08:02'),
(364, 'North Justinaton', 22, '2024-08-14 00:08:02', '2024-08-14 00:08:02'),
(365, 'New Nolaside', 11, '2024-08-14 00:08:02', '2024-08-14 00:08:02'),
(366, 'Brekkechester', 36, '2024-08-14 00:08:02', '2024-08-14 00:08:02'),
(367, 'East Vivaside', 48, '2024-08-14 00:08:02', '2024-08-14 00:08:02'),
(368, 'Jonesbury', 26, '2024-08-14 00:08:02', '2024-08-14 00:08:02'),
(369, 'Haleighfurt', 80, '2024-08-14 00:08:02', '2024-08-14 00:08:02'),
(370, 'Daphneyshire', 67, '2024-08-14 00:08:02', '2024-08-14 00:08:02'),
(371, 'Nicofort', 45, '2024-08-14 00:08:02', '2024-08-14 00:08:02'),
(372, 'North Anderson', 18, '2024-08-14 00:08:02', '2024-08-14 00:08:02'),
(373, 'West Jena', 25, '2024-08-14 00:08:02', '2024-08-14 00:08:02'),
(374, 'Earlport', 13, '2024-08-14 00:08:02', '2024-08-14 00:08:02'),
(375, 'Alyshatown', 98, '2024-08-14 00:08:02', '2024-08-14 00:08:02'),
(376, 'North Santos', 44, '2024-08-14 00:08:02', '2024-08-14 00:08:02'),
(377, 'New Emmanuelland', 18, '2024-08-14 00:08:02', '2024-08-14 00:08:02'),
(378, 'Boberg', 2, '2024-08-14 00:08:02', '2024-08-14 00:08:02'),
(379, 'South Amayamouth', 60, '2024-08-14 00:08:02', '2024-08-14 00:08:02'),
(380, 'Ameliaberg', 81, '2024-08-14 00:08:02', '2024-08-14 00:08:02'),
(381, 'Dustyfurt', 3, '2024-08-14 00:08:02', '2024-08-14 00:08:02'),
(382, 'Considineside', 61, '2024-08-14 00:08:02', '2024-08-14 00:08:02'),
(383, 'Lake Olaf', 54, '2024-08-14 00:08:02', '2024-08-14 00:08:02'),
(384, 'New Santafurt', 52, '2024-08-14 00:08:02', '2024-08-14 00:08:02'),
(385, 'Kolemouth', 26, '2024-08-14 00:08:02', '2024-08-14 00:08:02'),
(386, 'South Lauraborough', 37, '2024-08-14 00:08:02', '2024-08-14 00:08:02'),
(387, 'South Coralie', 24, '2024-08-14 00:08:02', '2024-08-14 00:08:02'),
(388, 'Medhursttown', 24, '2024-08-14 00:08:02', '2024-08-14 00:08:02'),
(389, 'Anyaborough', 12, '2024-08-14 00:08:02', '2024-08-14 00:08:02'),
(390, 'Larissaberg', 44, '2024-08-14 00:08:02', '2024-08-14 00:08:02'),
(391, 'Ashtynfurt', 36, '2024-08-14 00:08:02', '2024-08-14 00:08:02'),
(392, 'Victoriaburgh', 57, '2024-08-14 00:08:02', '2024-08-14 00:08:02'),
(393, 'Rauchester', 7, '2024-08-14 00:08:02', '2024-08-14 00:08:02'),
(394, 'South Ida', 98, '2024-08-14 00:08:02', '2024-08-14 00:08:02'),
(395, 'New Logan', 15, '2024-08-14 00:08:02', '2024-08-14 00:08:02'),
(396, 'Brekketon', 43, '2024-08-14 00:08:02', '2024-08-14 00:08:02'),
(397, 'Gloverton', 33, '2024-08-14 00:08:02', '2024-08-14 00:08:02'),
(398, 'Manteview', 8, '2024-08-14 00:08:02', '2024-08-14 00:08:02'),
(399, 'Beulahhaven', 3, '2024-08-14 00:08:02', '2024-08-14 00:08:02'),
(400, 'East Mohammed', 2, '2024-08-14 00:08:02', '2024-08-14 00:08:02'),
(401, 'Viviannebury', 14, '2024-08-14 00:08:02', '2024-08-14 00:08:02'),
(402, 'Walterside', 25, '2024-08-14 00:08:02', '2024-08-14 00:08:02'),
(403, 'Bartontown', 63, '2024-08-14 00:08:02', '2024-08-14 00:08:02'),
(404, 'Bartolettiville', 36, '2024-08-14 00:08:02', '2024-08-14 00:08:02'),
(405, 'West Loraine', 79, '2024-08-14 00:08:02', '2024-08-14 00:08:02'),
(406, 'Wardberg', 33, '2024-08-14 00:08:02', '2024-08-14 00:08:02'),
(407, 'Skilesview', 85, '2024-08-14 00:08:02', '2024-08-14 00:08:02'),
(408, 'New Annettatown', 9, '2024-08-14 00:08:02', '2024-08-14 00:08:02'),
(409, 'Port Shaynamouth', 29, '2024-08-14 00:08:02', '2024-08-14 00:08:02'),
(410, 'New Kaela', 72, '2024-08-14 00:08:02', '2024-08-14 00:08:02'),
(411, 'Langworthfort', 70, '2024-08-14 00:08:02', '2024-08-14 00:08:02'),
(412, 'Ameliefurt', 10, '2024-08-14 00:08:02', '2024-08-14 00:08:02'),
(413, 'East Ethelstad', 91, '2024-08-14 00:08:02', '2024-08-14 00:08:02'),
(414, 'Effertzville', 8, '2024-08-14 00:08:02', '2024-08-14 00:08:02'),
(415, 'Port Mossie', 28, '2024-08-14 00:08:02', '2024-08-14 00:08:02'),
(416, 'Muellerburgh', 64, '2024-08-14 00:08:02', '2024-08-14 00:08:02'),
(417, 'New Tiannaside', 10, '2024-08-14 00:08:02', '2024-08-14 00:08:02'),
(418, 'North Noblehaven', 15, '2024-08-14 00:08:02', '2024-08-14 00:08:02'),
(419, 'Demondville', 28, '2024-08-14 00:08:02', '2024-08-14 00:08:02'),
(420, 'Ziemannview', 95, '2024-08-14 00:08:02', '2024-08-14 00:08:02'),
(421, 'Neomaland', 70, '2024-08-14 00:08:02', '2024-08-14 00:08:02'),
(422, 'South Alysonmouth', 59, '2024-08-14 00:08:02', '2024-08-14 00:08:02'),
(423, 'Bonniemouth', 84, '2024-08-14 00:08:02', '2024-08-14 00:08:02'),
(424, 'Port Emery', 46, '2024-08-14 00:08:02', '2024-08-14 00:08:02'),
(425, 'Kenneditown', 74, '2024-08-14 00:08:02', '2024-08-14 00:08:02'),
(426, 'South Aileenshire', 14, '2024-08-14 00:08:02', '2024-08-14 00:08:02'),
(427, 'South Christophe', 95, '2024-08-14 00:08:02', '2024-08-14 00:08:02'),
(428, 'East Carolynchester', 21, '2024-08-14 00:08:02', '2024-08-14 00:08:02'),
(429, 'Lake Judyport', 82, '2024-08-14 00:08:02', '2024-08-14 00:08:02'),
(430, 'Caspershire', 42, '2024-08-14 00:08:02', '2024-08-14 00:08:02'),
(431, 'East Heidiberg', 71, '2024-08-14 00:08:02', '2024-08-14 00:08:02'),
(432, 'Port Emmybury', 1, '2024-08-14 00:08:02', '2024-08-14 00:08:02'),
(433, 'Port Edyth', 55, '2024-08-14 00:08:02', '2024-08-14 00:08:02'),
(434, 'West Onie', 59, '2024-08-14 00:08:02', '2024-08-14 00:08:02'),
(435, 'South Demarco', 57, '2024-08-14 00:08:02', '2024-08-14 00:08:02'),
(436, 'Medhurstmouth', 88, '2024-08-14 00:08:02', '2024-08-14 00:08:02'),
(437, 'Sauertown', 69, '2024-08-14 00:08:02', '2024-08-14 00:08:02'),
(438, 'South Tavaresborough', 40, '2024-08-14 00:08:02', '2024-08-14 00:08:02'),
(439, 'North Ludwigland', 2, '2024-08-14 00:08:02', '2024-08-14 00:08:02'),
(440, 'Emiliashire', 46, '2024-08-14 00:08:02', '2024-08-14 00:08:02'),
(441, 'North Gretchen', 56, '2024-08-14 00:08:02', '2024-08-14 00:08:02'),
(442, 'East Wilbertbury', 47, '2024-08-14 00:08:02', '2024-08-14 00:08:02'),
(443, 'Port Santiagohaven', 88, '2024-08-14 00:08:02', '2024-08-14 00:08:02'),
(444, 'Trantowville', 90, '2024-08-14 00:08:02', '2024-08-14 00:08:02'),
(445, 'Gradymouth', 6, '2024-08-14 00:08:02', '2024-08-14 00:08:02'),
(446, 'Kipmouth', 9, '2024-08-14 00:08:02', '2024-08-14 00:08:02'),
(447, 'New Johnson', 87, '2024-08-14 00:08:02', '2024-08-14 00:08:02'),
(448, 'Kiannastad', 12, '2024-08-14 00:08:02', '2024-08-14 00:08:02'),
(449, 'Jerryburgh', 33, '2024-08-14 00:08:02', '2024-08-14 00:08:02'),
(450, 'West Aisha', 37, '2024-08-14 00:08:02', '2024-08-14 00:08:02'),
(451, 'South Bennettfort', 21, '2024-08-14 00:08:02', '2024-08-14 00:08:02'),
(452, 'McClureton', 70, '2024-08-14 00:08:02', '2024-08-14 00:08:02'),
(453, 'McLaughlinstad', 78, '2024-08-14 00:08:02', '2024-08-14 00:08:02'),
(454, 'Lake Curt', 23, '2024-08-14 00:08:02', '2024-08-14 00:08:02'),
(455, 'New Maxwellchester', 31, '2024-08-14 00:08:02', '2024-08-14 00:08:02'),
(456, 'East Richard', 95, '2024-08-14 00:08:02', '2024-08-14 00:08:02'),
(457, 'West Ludie', 60, '2024-08-14 00:08:02', '2024-08-14 00:08:02'),
(458, 'East Alannaton', 63, '2024-08-14 00:08:02', '2024-08-14 00:08:02'),
(459, 'Lexiemouth', 70, '2024-08-14 00:08:02', '2024-08-14 00:08:02'),
(460, 'Douglasfurt', 100, '2024-08-14 00:08:02', '2024-08-14 00:08:02'),
(461, 'Luciemouth', 22, '2024-08-14 00:08:02', '2024-08-14 00:08:02'),
(462, 'O\'Harafurt', 4, '2024-08-14 00:08:02', '2024-08-14 00:08:02'),
(463, 'Birdiebury', 30, '2024-08-14 00:08:02', '2024-08-14 00:08:02'),
(464, 'Funkmouth', 11, '2024-08-14 00:08:02', '2024-08-14 00:08:02'),
(465, 'South Herminiochester', 92, '2024-08-14 00:08:02', '2024-08-14 00:08:02'),
(466, 'Johnsland', 28, '2024-08-14 00:08:02', '2024-08-14 00:08:02'),
(467, 'New Sarahbury', 45, '2024-08-14 00:08:02', '2024-08-14 00:08:02'),
(468, 'East Freeda', 97, '2024-08-14 00:08:02', '2024-08-14 00:08:02'),
(469, 'Murphyberg', 56, '2024-08-14 00:08:02', '2024-08-14 00:08:02'),
(470, 'New Aileen', 69, '2024-08-14 00:08:02', '2024-08-14 00:08:02'),
(471, 'Brendonmouth', 38, '2024-08-14 00:08:02', '2024-08-14 00:08:02'),
(472, 'Lockmanton', 84, '2024-08-14 00:08:02', '2024-08-14 00:08:02'),
(473, 'Garrystad', 87, '2024-08-14 00:08:02', '2024-08-14 00:08:02'),
(474, 'Jalynport', 11, '2024-08-14 00:08:02', '2024-08-14 00:08:02'),
(475, 'West Antoniettaborough', 34, '2024-08-14 00:08:02', '2024-08-14 00:08:02'),
(476, 'Heaneyfurt', 96, '2024-08-14 00:08:02', '2024-08-14 00:08:02'),
(477, 'Sauerbury', 22, '2024-08-14 00:08:02', '2024-08-14 00:08:02'),
(478, 'New Cletus', 51, '2024-08-14 00:08:02', '2024-08-14 00:08:02'),
(479, 'East Camilaside', 45, '2024-08-14 00:08:02', '2024-08-14 00:08:02'),
(480, 'Lake Geraldineville', 12, '2024-08-14 00:08:02', '2024-08-14 00:08:02'),
(481, 'Clemenshaven', 12, '2024-08-14 00:08:02', '2024-08-14 00:08:02'),
(482, 'North Daryl', 21, '2024-08-14 00:08:02', '2024-08-14 00:08:02'),
(483, 'Jaylinburgh', 91, '2024-08-14 00:08:02', '2024-08-14 00:08:02'),
(484, 'Boehmburgh', 17, '2024-08-14 00:08:02', '2024-08-14 00:08:02'),
(485, 'Lakinmouth', 70, '2024-08-14 00:08:02', '2024-08-14 00:08:02'),
(486, 'North Unique', 60, '2024-08-14 00:08:02', '2024-08-14 00:08:02'),
(487, 'South Nedside', 28, '2024-08-14 00:08:02', '2024-08-14 00:08:02'),
(488, 'Oberbrunnertown', 23, '2024-08-14 00:08:02', '2024-08-14 00:08:02'),
(489, 'East Simeonmouth', 10, '2024-08-14 00:08:02', '2024-08-14 00:08:02'),
(490, 'Kundefort', 25, '2024-08-14 00:08:02', '2024-08-14 00:08:02'),
(491, 'East Domenicbury', 61, '2024-08-14 00:08:02', '2024-08-14 00:08:02'),
(492, 'West Dallastown', 96, '2024-08-14 00:08:02', '2024-08-14 00:08:02'),
(493, 'New Sydni', 39, '2024-08-14 00:08:02', '2024-08-14 00:08:02'),
(494, 'East Garfield', 89, '2024-08-14 00:08:02', '2024-08-14 00:08:02'),
(495, 'Cyrusfurt', 37, '2024-08-14 00:08:02', '2024-08-14 00:08:02'),
(496, 'Heaneymouth', 10, '2024-08-14 00:08:02', '2024-08-14 00:08:02'),
(497, 'Alfonzoview', 72, '2024-08-14 00:08:02', '2024-08-14 00:08:02'),
(498, 'Creminborough', 40, '2024-08-14 00:08:02', '2024-08-14 00:08:02'),
(499, 'North Alshire', 73, '2024-08-14 00:08:02', '2024-08-14 00:08:02'),
(500, 'New Sabinahaven', 63, '2024-08-14 00:08:02', '2024-08-14 00:08:02'),
(501, 'South Margie', 59, '2024-08-14 00:08:02', '2024-08-14 00:08:02'),
(502, 'Mosciskihaven', 36, '2024-08-14 00:08:02', '2024-08-14 00:08:02'),
(503, 'Lake Tiannafurt', 76, '2024-08-14 00:08:02', '2024-08-14 00:08:02'),
(504, 'Lake Tomas', 71, '2024-08-14 00:08:02', '2024-08-14 00:08:02'),
(505, 'Lake Aaliyahhaven', 60, '2024-08-14 00:08:02', '2024-08-14 00:08:02'),
(506, 'East Katlynn', 61, '2024-08-14 00:08:02', '2024-08-14 00:08:02'),
(507, 'Blockport', 25, '2024-08-14 00:08:02', '2024-08-14 00:08:02'),
(508, 'Rubyeshire', 41, '2024-08-14 00:08:02', '2024-08-14 00:08:02'),
(509, 'Kemmerfort', 88, '2024-08-14 00:08:02', '2024-08-14 00:08:02'),
(510, 'New Julien', 41, '2024-08-14 00:08:02', '2024-08-14 00:08:02'),
(511, 'Rozellahaven', 55, '2024-08-14 00:08:02', '2024-08-14 00:08:02'),
(512, 'Virginialand', 11, '2024-08-14 00:08:02', '2024-08-14 00:08:02'),
(513, 'Leannonchester', 96, '2024-08-14 00:08:02', '2024-08-14 00:08:02'),
(514, 'Port Savannaport', 45, '2024-08-14 00:08:02', '2024-08-14 00:08:02'),
(515, 'Abshireberg', 11, '2024-08-14 00:08:02', '2024-08-14 00:08:02'),
(516, 'South Tesstown', 8, '2024-08-14 00:08:02', '2024-08-14 00:08:02'),
(517, 'Port Raven', 89, '2024-08-14 00:08:02', '2024-08-14 00:08:02'),
(518, 'Jadyntown', 23, '2024-08-14 00:08:02', '2024-08-14 00:08:02'),
(519, 'Lake Bethanychester', 11, '2024-08-14 00:08:02', '2024-08-14 00:08:02'),
(520, 'East Trevaport', 58, '2024-08-14 00:08:02', '2024-08-14 00:08:02'),
(521, 'Izaiahshire', 39, '2024-08-14 00:08:02', '2024-08-14 00:08:02'),
(522, 'South Osborne', 30, '2024-08-14 00:08:02', '2024-08-14 00:08:02'),
(523, 'South Berniceside', 49, '2024-08-14 00:08:02', '2024-08-14 00:08:02'),
(524, 'Port Evanborough', 87, '2024-08-14 00:08:02', '2024-08-14 00:08:02'),
(525, 'North Leannside', 62, '2024-08-14 00:08:02', '2024-08-14 00:08:02'),
(526, 'Marvinton', 72, '2024-08-14 00:08:02', '2024-08-14 00:08:02'),
(527, 'Hudsonmouth', 71, '2024-08-14 00:08:02', '2024-08-14 00:08:02'),
(528, 'Marinachester', 41, '2024-08-14 00:08:02', '2024-08-14 00:08:02'),
(529, 'Andyside', 70, '2024-08-14 00:08:02', '2024-08-14 00:08:02'),
(530, 'Port Willa', 76, '2024-08-14 00:08:02', '2024-08-14 00:08:02'),
(531, 'South Maci', 59, '2024-08-14 00:08:02', '2024-08-14 00:08:02'),
(532, 'Bergeburgh', 54, '2024-08-14 00:08:02', '2024-08-14 00:08:02'),
(533, 'Port Delberttown', 82, '2024-08-14 00:08:02', '2024-08-14 00:08:02'),
(534, 'Morissettebury', 90, '2024-08-14 00:08:02', '2024-08-14 00:08:02'),
(535, 'East Clara', 61, '2024-08-14 00:08:02', '2024-08-14 00:08:02'),
(536, 'Sporerport', 96, '2024-08-14 00:08:02', '2024-08-14 00:08:02'),
(537, 'Abernathymouth', 83, '2024-08-14 00:08:02', '2024-08-14 00:08:02'),
(538, 'Christiansenside', 22, '2024-08-14 00:08:02', '2024-08-14 00:08:02'),
(539, 'Port Violafort', 84, '2024-08-14 00:08:02', '2024-08-14 00:08:02'),
(540, 'South Raymundomouth', 4, '2024-08-14 00:08:02', '2024-08-14 00:08:02'),
(541, 'North Lavonneville', 2, '2024-08-14 00:08:02', '2024-08-14 00:08:02'),
(542, 'Port Kennedy', 83, '2024-08-14 00:08:02', '2024-08-14 00:08:02'),
(543, 'Starkburgh', 78, '2024-08-14 00:08:02', '2024-08-14 00:08:02'),
(544, 'East Bernadinemouth', 51, '2024-08-14 00:08:02', '2024-08-14 00:08:02'),
(545, 'Anaisland', 76, '2024-08-14 00:08:02', '2024-08-14 00:08:02'),
(546, 'South Francescoville', 93, '2024-08-14 00:08:02', '2024-08-14 00:08:02'),
(547, 'New Maverickshire', 93, '2024-08-14 00:08:02', '2024-08-14 00:08:02'),
(548, 'Brannonshire', 62, '2024-08-14 00:08:02', '2024-08-14 00:08:02'),
(549, 'Kalemouth', 45, '2024-08-14 00:08:02', '2024-08-14 00:08:02'),
(550, 'East Chasity', 86, '2024-08-14 00:08:02', '2024-08-14 00:08:02'),
(551, 'New Trudie', 11, '2024-08-14 00:08:02', '2024-08-14 00:08:02'),
(552, 'East Karsonborough', 81, '2024-08-14 00:08:02', '2024-08-14 00:08:02'),
(553, 'Nitzschefurt', 68, '2024-08-14 00:08:02', '2024-08-14 00:08:02'),
(554, 'Lake Wilma', 96, '2024-08-14 00:08:02', '2024-08-14 00:08:02'),
(555, 'Hicklechester', 70, '2024-08-14 00:08:02', '2024-08-14 00:08:02'),
(556, 'East Felipechester', 37, '2024-08-14 00:08:02', '2024-08-14 00:08:02'),
(557, 'Douglasberg', 73, '2024-08-14 00:08:02', '2024-08-14 00:08:02'),
(558, 'Beulahshire', 78, '2024-08-14 00:08:02', '2024-08-14 00:08:02'),
(559, 'Gileschester', 26, '2024-08-14 00:08:02', '2024-08-14 00:08:02'),
(560, 'West Destineyberg', 56, '2024-08-14 00:08:02', '2024-08-14 00:08:02'),
(561, 'Mrazport', 26, '2024-08-14 00:08:02', '2024-08-14 00:08:02'),
(562, 'Herzogtown', 50, '2024-08-14 00:08:02', '2024-08-14 00:08:02'),
(563, 'South Domingo', 91, '2024-08-14 00:08:02', '2024-08-14 00:08:02'),
(564, 'Dinotown', 9, '2024-08-14 00:08:02', '2024-08-14 00:08:02'),
(565, 'Christopmouth', 91, '2024-08-14 00:08:02', '2024-08-14 00:08:02'),
(566, 'Pfannerstillchester', 72, '2024-08-14 00:08:02', '2024-08-14 00:08:02'),
(567, 'Veumhaven', 5, '2024-08-14 00:08:02', '2024-08-14 00:08:02'),
(568, 'Eddville', 8, '2024-08-14 00:08:02', '2024-08-14 00:08:02'),
(569, 'Port Joey', 26, '2024-08-14 00:08:02', '2024-08-14 00:08:02'),
(570, 'North Minervaborough', 39, '2024-08-14 00:08:02', '2024-08-14 00:08:02'),
(571, 'Muellerton', 79, '2024-08-14 00:08:02', '2024-08-14 00:08:02'),
(572, 'Aprilborough', 25, '2024-08-14 00:08:02', '2024-08-14 00:08:02'),
(573, 'West Jeremieton', 41, '2024-08-14 00:08:02', '2024-08-14 00:08:02'),
(574, 'Kylemouth', 36, '2024-08-14 00:08:02', '2024-08-14 00:08:02'),
(575, 'Lake Mervin', 12, '2024-08-14 00:08:02', '2024-08-14 00:08:02'),
(576, 'Boganbury', 65, '2024-08-14 00:08:02', '2024-08-14 00:08:02'),
(577, 'East Torreyton', 53, '2024-08-14 00:08:02', '2024-08-14 00:08:02'),
(578, 'South Marcelleton', 20, '2024-08-14 00:08:02', '2024-08-14 00:08:02'),
(579, 'East Murray', 78, '2024-08-14 00:08:02', '2024-08-14 00:08:02'),
(580, 'South Oren', 98, '2024-08-14 00:08:02', '2024-08-14 00:08:02'),
(581, 'East Molly', 89, '2024-08-14 00:08:02', '2024-08-14 00:08:02'),
(582, 'Dejuanburgh', 89, '2024-08-14 00:08:02', '2024-08-14 00:08:02'),
(583, 'Neomahaven', 11, '2024-08-14 00:08:02', '2024-08-14 00:08:02'),
(584, 'Jenifershire', 2, '2024-08-14 00:08:02', '2024-08-14 00:08:02'),
(585, 'North Zola', 22, '2024-08-14 00:08:02', '2024-08-14 00:08:02'),
(586, 'Skilesland', 70, '2024-08-14 00:08:02', '2024-08-14 00:08:02'),
(587, 'Bodeberg', 46, '2024-08-14 00:08:02', '2024-08-14 00:08:02'),
(588, 'Lake Ottoburgh', 6, '2024-08-14 00:08:02', '2024-08-14 00:08:02'),
(589, 'Port Braedenmouth', 24, '2024-08-14 00:08:02', '2024-08-14 00:08:02'),
(590, 'East Marleymouth', 4, '2024-08-14 00:08:02', '2024-08-14 00:08:02'),
(591, 'West Tomasaburgh', 76, '2024-08-14 00:08:02', '2024-08-14 00:08:02'),
(592, 'Port Javonteport', 70, '2024-08-14 00:08:02', '2024-08-14 00:08:02'),
(593, 'Hilpertberg', 77, '2024-08-14 00:08:02', '2024-08-14 00:08:02'),
(594, 'Sashabury', 87, '2024-08-14 00:08:02', '2024-08-14 00:08:02'),
(595, 'West Walkerfort', 4, '2024-08-14 00:08:02', '2024-08-14 00:08:02'),
(596, 'Hankmouth', 76, '2024-08-14 00:08:02', '2024-08-14 00:08:02'),
(597, 'East Dominic', 76, '2024-08-14 00:08:02', '2024-08-14 00:08:02'),
(598, 'Ferrychester', 61, '2024-08-14 00:08:02', '2024-08-14 00:08:02'),
(599, 'Elianeberg', 12, '2024-08-14 00:08:02', '2024-08-14 00:08:02'),
(600, 'Lake Nyahport', 46, '2024-08-14 00:08:02', '2024-08-14 00:08:02'),
(601, 'Legrosport', 63, '2024-08-14 00:08:02', '2024-08-14 00:08:02'),
(602, 'Giovannaville', 87, '2024-08-14 00:08:02', '2024-08-14 00:08:02'),
(603, 'Lake Paxtonborough', 85, '2024-08-14 00:08:02', '2024-08-14 00:08:02'),
(604, 'North Malindaport', 90, '2024-08-14 00:08:02', '2024-08-14 00:08:02'),
(605, 'Bennieburgh', 71, '2024-08-14 00:08:02', '2024-08-14 00:08:02'),
(606, 'Lake Kathrynton', 76, '2024-08-14 00:08:02', '2024-08-14 00:08:02'),
(607, 'East Lillian', 92, '2024-08-14 00:08:02', '2024-08-14 00:08:02'),
(608, 'Port Narciso', 31, '2024-08-14 00:08:02', '2024-08-14 00:08:02'),
(609, 'Port Lloydstad', 87, '2024-08-14 00:08:02', '2024-08-14 00:08:02'),
(610, 'West Alveratown', 42, '2024-08-14 00:08:02', '2024-08-14 00:08:02'),
(611, 'North Chelseystad', 58, '2024-08-14 00:08:02', '2024-08-14 00:08:02'),
(612, 'Kihnchester', 75, '2024-08-14 00:08:02', '2024-08-14 00:08:02'),
(613, 'Lednerberg', 71, '2024-08-14 00:08:02', '2024-08-14 00:08:02'),
(614, 'North Gene', 87, '2024-08-14 00:08:02', '2024-08-14 00:08:02'),
(615, 'Collierfurt', 38, '2024-08-14 00:08:02', '2024-08-14 00:08:02'),
(616, 'East Aron', 10, '2024-08-14 00:08:02', '2024-08-14 00:08:02'),
(617, 'West Shania', 31, '2024-08-14 00:08:02', '2024-08-14 00:08:02'),
(618, 'Willmsshire', 65, '2024-08-14 00:08:02', '2024-08-14 00:08:02'),
(619, 'New Iciestad', 13, '2024-08-14 00:08:02', '2024-08-14 00:08:02'),
(620, 'South Kaylah', 19, '2024-08-14 00:08:02', '2024-08-14 00:08:02'),
(621, 'Stanfordtown', 60, '2024-08-14 00:08:02', '2024-08-14 00:08:02'),
(622, 'Beauland', 87, '2024-08-14 00:08:02', '2024-08-14 00:08:02'),
(623, 'Marksshire', 36, '2024-08-14 00:08:02', '2024-08-14 00:08:02'),
(624, 'New Athenamouth', 82, '2024-08-14 00:08:02', '2024-08-14 00:08:02'),
(625, 'West Mandy', 86, '2024-08-14 00:08:02', '2024-08-14 00:08:02'),
(626, 'New Shirleyshire', 25, '2024-08-14 00:08:02', '2024-08-14 00:08:02'),
(627, 'North Abrahamborough', 71, '2024-08-14 00:08:02', '2024-08-14 00:08:02'),
(628, 'West Odessafort', 85, '2024-08-14 00:08:02', '2024-08-14 00:08:02'),
(629, 'Lavadachester', 47, '2024-08-14 00:08:02', '2024-08-14 00:08:02'),
(630, 'New Dudleystad', 60, '2024-08-14 00:08:02', '2024-08-14 00:08:02'),
(631, 'Port Pamelaville', 53, '2024-08-14 00:08:02', '2024-08-14 00:08:02'),
(632, 'Port Gerda', 18, '2024-08-14 00:08:02', '2024-08-14 00:08:02'),
(633, 'Port Antonina', 66, '2024-08-14 00:08:02', '2024-08-14 00:08:02'),
(634, 'Ulisesberg', 70, '2024-08-14 00:08:02', '2024-08-14 00:08:02'),
(635, 'South Bertstad', 42, '2024-08-14 00:08:02', '2024-08-14 00:08:02'),
(636, 'McKenzieside', 9, '2024-08-14 00:08:02', '2024-08-14 00:08:02'),
(637, 'New Maximilliaport', 79, '2024-08-14 00:08:02', '2024-08-14 00:08:02'),
(638, 'New Arnestad', 60, '2024-08-14 00:08:02', '2024-08-14 00:08:02'),
(639, 'South Leaside', 9, '2024-08-14 00:08:02', '2024-08-14 00:08:02'),
(640, 'Laneland', 56, '2024-08-14 00:08:02', '2024-08-14 00:08:02'),
(641, 'North Haydenburgh', 83, '2024-08-14 00:08:02', '2024-08-14 00:08:02'),
(642, 'North Floyd', 45, '2024-08-14 00:08:02', '2024-08-14 00:08:02'),
(643, 'Gaylordland', 73, '2024-08-14 00:08:02', '2024-08-14 00:08:02'),
(644, 'Sheldonmouth', 26, '2024-08-14 00:08:02', '2024-08-14 00:08:02'),
(645, 'Rustyland', 42, '2024-08-14 00:08:02', '2024-08-14 00:08:02'),
(646, 'Balistreriton', 18, '2024-08-14 00:08:02', '2024-08-14 00:08:02'),
(647, 'Lake Belleburgh', 21, '2024-08-14 00:08:02', '2024-08-14 00:08:02'),
(648, 'Powlowskimouth', 55, '2024-08-14 00:08:02', '2024-08-14 00:08:02'),
(649, 'New Zechariahport', 96, '2024-08-14 00:08:02', '2024-08-14 00:08:02'),
(650, 'East Jennie', 39, '2024-08-14 00:08:02', '2024-08-14 00:08:02'),
(651, 'New Asatown', 32, '2024-08-14 00:08:02', '2024-08-14 00:08:02'),
(652, 'North Hassie', 98, '2024-08-14 00:08:02', '2024-08-14 00:08:02'),
(653, 'Keyonport', 56, '2024-08-14 00:08:02', '2024-08-14 00:08:02'),
(654, 'Kolbymouth', 30, '2024-08-14 00:08:02', '2024-08-14 00:08:02'),
(655, 'Tremblayhaven', 9, '2024-08-14 00:08:02', '2024-08-14 00:08:02'),
(656, 'Lake Duncanburgh', 93, '2024-08-14 00:08:02', '2024-08-14 00:08:02'),
(657, 'North Nataliafurt', 88, '2024-08-14 00:08:02', '2024-08-14 00:08:02'),
(658, 'North Chasityhaven', 58, '2024-08-14 00:08:02', '2024-08-14 00:08:02'),
(659, 'Hegmannview', 34, '2024-08-14 00:08:02', '2024-08-14 00:08:02'),
(660, 'Port Kellenhaven', 70, '2024-08-14 00:08:02', '2024-08-14 00:08:02'),
(661, 'West Kasandra', 18, '2024-08-14 00:08:02', '2024-08-14 00:08:02'),
(662, 'Holliston', 18, '2024-08-14 00:08:02', '2024-08-14 00:08:02'),
(663, 'Collinsfort', 82, '2024-08-14 00:08:02', '2024-08-14 00:08:02'),
(664, 'Lake Aylafort', 73, '2024-08-14 00:08:02', '2024-08-14 00:08:02'),
(665, 'Hansenfurt', 67, '2024-08-14 00:08:02', '2024-08-14 00:08:02'),
(666, 'Letitiaview', 94, '2024-08-14 00:08:02', '2024-08-14 00:08:02'),
(667, 'Lake Estellaville', 42, '2024-08-14 00:08:02', '2024-08-14 00:08:02'),
(668, 'Morissetteside', 6, '2024-08-14 00:08:02', '2024-08-14 00:08:02'),
(669, 'East Minaborough', 14, '2024-08-14 00:08:02', '2024-08-14 00:08:02'),
(670, 'Giuseppeview', 52, '2024-08-14 00:08:02', '2024-08-14 00:08:02'),
(671, 'Port Blairview', 38, '2024-08-14 00:08:02', '2024-08-14 00:08:02'),
(672, 'North Justina', 5, '2024-08-14 00:08:02', '2024-08-14 00:08:02'),
(673, 'New Howellmouth', 12, '2024-08-14 00:08:02', '2024-08-14 00:08:02'),
(674, 'Jerodburgh', 34, '2024-08-14 00:08:02', '2024-08-14 00:08:02'),
(675, 'Auerside', 75, '2024-08-14 00:08:02', '2024-08-14 00:08:02'),
(676, 'North Marcellus', 71, '2024-08-14 00:08:02', '2024-08-14 00:08:02'),
(677, 'South Mabelle', 69, '2024-08-14 00:08:02', '2024-08-14 00:08:02'),
(678, 'North Brennanton', 98, '2024-08-14 00:08:02', '2024-08-14 00:08:02'),
(679, 'Wendellberg', 46, '2024-08-14 00:08:02', '2024-08-14 00:08:02'),
(680, 'Israelmouth', 88, '2024-08-14 00:08:02', '2024-08-14 00:08:02'),
(681, 'Nitzschetown', 22, '2024-08-14 00:08:02', '2024-08-14 00:08:02'),
(682, 'Lake Deanfort', 86, '2024-08-14 00:08:02', '2024-08-14 00:08:02'),
(683, 'Haleyview', 61, '2024-08-14 00:08:02', '2024-08-14 00:08:02'),
(684, 'Schmidtland', 12, '2024-08-14 00:08:02', '2024-08-14 00:08:02'),
(685, 'Haroldborough', 59, '2024-08-14 00:08:02', '2024-08-14 00:08:02'),
(686, 'Hermanside', 45, '2024-08-14 00:08:02', '2024-08-14 00:08:02'),
(687, 'Jaquelintown', 75, '2024-08-14 00:08:02', '2024-08-14 00:08:02'),
(688, 'Jeanport', 5, '2024-08-14 00:08:02', '2024-08-14 00:08:02'),
(689, 'Lake Roma', 80, '2024-08-14 00:08:02', '2024-08-14 00:08:02'),
(690, 'West Alvina', 14, '2024-08-14 00:08:02', '2024-08-14 00:08:02'),
(691, 'North Jamal', 38, '2024-08-14 00:08:02', '2024-08-14 00:08:02'),
(692, 'Watersborough', 76, '2024-08-14 00:08:02', '2024-08-14 00:08:02'),
(693, 'East Davonland', 31, '2024-08-14 00:08:02', '2024-08-14 00:08:02'),
(694, 'Port Lenna', 78, '2024-08-14 00:08:02', '2024-08-14 00:08:02'),
(695, 'Alysaland', 99, '2024-08-14 00:08:02', '2024-08-14 00:08:02'),
(696, 'Rempelborough', 96, '2024-08-14 00:08:02', '2024-08-14 00:08:02'),
(697, 'New Jayda', 51, '2024-08-14 00:08:02', '2024-08-14 00:08:02'),
(698, 'Johnsburgh', 56, '2024-08-14 00:08:02', '2024-08-14 00:08:02'),
(699, 'Lexusport', 3, '2024-08-14 00:08:02', '2024-08-14 00:08:02'),
(700, 'Murphymouth', 32, '2024-08-14 00:08:02', '2024-08-14 00:08:02'),
(701, 'West Edwina', 76, '2024-08-14 00:08:02', '2024-08-14 00:08:02'),
(702, 'Lake Thaddeus', 51, '2024-08-14 00:08:02', '2024-08-14 00:08:02'),
(703, 'Satterfieldview', 33, '2024-08-14 00:08:02', '2024-08-14 00:08:02');
INSERT INTO `cities` (`id`, `name`, `state_id`, `created_at`, `updated_at`) VALUES
(704, 'Hammesburgh', 58, '2024-08-14 00:08:02', '2024-08-14 00:08:02'),
(705, 'Dickiville', 33, '2024-08-14 00:08:02', '2024-08-14 00:08:02'),
(706, 'Wainoside', 100, '2024-08-14 00:08:02', '2024-08-14 00:08:02'),
(707, 'East Jonas', 45, '2024-08-14 00:08:02', '2024-08-14 00:08:02'),
(708, 'New Cheyenne', 66, '2024-08-14 00:08:02', '2024-08-14 00:08:02'),
(709, 'Owenview', 49, '2024-08-14 00:08:02', '2024-08-14 00:08:02'),
(710, 'South Lolita', 90, '2024-08-14 00:08:02', '2024-08-14 00:08:02'),
(711, 'Schmittburgh', 37, '2024-08-14 00:08:02', '2024-08-14 00:08:02'),
(712, 'Lake Shaynechester', 5, '2024-08-14 00:08:02', '2024-08-14 00:08:02'),
(713, 'East Arielle', 43, '2024-08-14 00:08:02', '2024-08-14 00:08:02'),
(714, 'East Jarred', 54, '2024-08-14 00:08:02', '2024-08-14 00:08:02'),
(715, 'New Ahmad', 53, '2024-08-14 00:08:02', '2024-08-14 00:08:02'),
(716, 'Albertaside', 66, '2024-08-14 00:08:02', '2024-08-14 00:08:02'),
(717, 'West Marlin', 99, '2024-08-14 00:08:02', '2024-08-14 00:08:02'),
(718, 'South Karen', 13, '2024-08-14 00:08:02', '2024-08-14 00:08:02'),
(719, 'Enaview', 44, '2024-08-14 00:08:02', '2024-08-14 00:08:02'),
(720, 'West Dorothy', 35, '2024-08-14 00:08:02', '2024-08-14 00:08:02'),
(721, 'New Abagail', 83, '2024-08-14 00:08:02', '2024-08-14 00:08:02'),
(722, 'Keaganstad', 81, '2024-08-14 00:08:02', '2024-08-14 00:08:02'),
(723, 'Hackettstad', 25, '2024-08-14 00:08:02', '2024-08-14 00:08:02'),
(724, 'West Bufordstad', 86, '2024-08-14 00:08:02', '2024-08-14 00:08:02'),
(725, 'Abigayleville', 68, '2024-08-14 00:08:02', '2024-08-14 00:08:02'),
(726, 'South Trudie', 68, '2024-08-14 00:08:02', '2024-08-14 00:08:02'),
(727, 'Port Diamondmouth', 49, '2024-08-14 00:08:02', '2024-08-14 00:08:02'),
(728, 'New Marinamouth', 46, '2024-08-14 00:08:02', '2024-08-14 00:08:02'),
(729, 'New Anikatown', 39, '2024-08-14 00:08:02', '2024-08-14 00:08:02'),
(730, 'North Haskell', 10, '2024-08-14 00:08:02', '2024-08-14 00:08:02'),
(731, 'Hellerland', 81, '2024-08-14 00:08:02', '2024-08-14 00:08:02'),
(732, 'West Violashire', 78, '2024-08-14 00:08:02', '2024-08-14 00:08:02'),
(733, 'Lake Oliverville', 9, '2024-08-14 00:08:02', '2024-08-14 00:08:02'),
(734, 'New Ally', 57, '2024-08-14 00:08:02', '2024-08-14 00:08:02'),
(735, 'Nicolasland', 69, '2024-08-14 00:08:02', '2024-08-14 00:08:02'),
(736, 'East Jarret', 42, '2024-08-14 00:08:02', '2024-08-14 00:08:02'),
(737, 'Ryanfurt', 15, '2024-08-14 00:08:02', '2024-08-14 00:08:02'),
(738, 'Herzogmouth', 59, '2024-08-14 00:08:02', '2024-08-14 00:08:02'),
(739, 'Halvorsonborough', 14, '2024-08-14 00:08:02', '2024-08-14 00:08:02'),
(740, 'Lake Dellview', 41, '2024-08-14 00:08:02', '2024-08-14 00:08:02'),
(741, 'West Mervin', 33, '2024-08-14 00:08:02', '2024-08-14 00:08:02'),
(742, 'Lake Chadrickbury', 43, '2024-08-14 00:08:02', '2024-08-14 00:08:02'),
(743, 'Gialand', 90, '2024-08-14 00:08:02', '2024-08-14 00:08:02'),
(744, 'Horacechester', 22, '2024-08-14 00:08:02', '2024-08-14 00:08:02'),
(745, 'Durganside', 93, '2024-08-14 00:08:02', '2024-08-14 00:08:02'),
(746, 'East Elainaburgh', 19, '2024-08-14 00:08:02', '2024-08-14 00:08:02'),
(747, 'Madelineside', 4, '2024-08-14 00:08:02', '2024-08-14 00:08:02'),
(748, 'North Yasmeen', 66, '2024-08-14 00:08:02', '2024-08-14 00:08:02'),
(749, 'South Krystelview', 72, '2024-08-14 00:08:02', '2024-08-14 00:08:02'),
(750, 'South Alanview', 54, '2024-08-14 00:08:02', '2024-08-14 00:08:02'),
(751, 'East Trace', 82, '2024-08-14 00:08:02', '2024-08-14 00:08:02'),
(752, 'Lake Marciahaven', 60, '2024-08-14 00:08:02', '2024-08-14 00:08:02'),
(753, 'East Daijaborough', 10, '2024-08-14 00:08:02', '2024-08-14 00:08:02'),
(754, 'North Tania', 35, '2024-08-14 00:08:02', '2024-08-14 00:08:02'),
(755, 'New Melany', 63, '2024-08-14 00:08:02', '2024-08-14 00:08:02'),
(756, 'South Louisa', 83, '2024-08-14 00:08:02', '2024-08-14 00:08:02'),
(757, 'New Linatown', 60, '2024-08-14 00:08:02', '2024-08-14 00:08:02'),
(758, 'Lake Avistown', 15, '2024-08-14 00:08:02', '2024-08-14 00:08:02'),
(759, 'Lake Treburgh', 50, '2024-08-14 00:08:02', '2024-08-14 00:08:02'),
(760, 'Brianmouth', 42, '2024-08-14 00:08:02', '2024-08-14 00:08:02'),
(761, 'Bergefort', 100, '2024-08-14 00:08:02', '2024-08-14 00:08:02'),
(762, 'East Aglae', 21, '2024-08-14 00:08:02', '2024-08-14 00:08:02'),
(763, 'O\'Connerburgh', 18, '2024-08-14 00:08:02', '2024-08-14 00:08:02'),
(764, 'Wyattbury', 82, '2024-08-14 00:08:02', '2024-08-14 00:08:02'),
(765, 'East Domingoberg', 22, '2024-08-14 00:08:02', '2024-08-14 00:08:02'),
(766, 'East Princessview', 32, '2024-08-14 00:08:02', '2024-08-14 00:08:02'),
(767, 'Port Danaberg', 59, '2024-08-14 00:08:02', '2024-08-14 00:08:02'),
(768, 'Johannafurt', 43, '2024-08-14 00:08:02', '2024-08-14 00:08:02'),
(769, 'Nealfort', 47, '2024-08-14 00:08:02', '2024-08-14 00:08:02'),
(770, 'Doylestad', 23, '2024-08-14 00:08:02', '2024-08-14 00:08:02'),
(771, 'Tonyhaven', 98, '2024-08-14 00:08:02', '2024-08-14 00:08:02'),
(772, 'North Gregmouth', 31, '2024-08-14 00:08:02', '2024-08-14 00:08:02'),
(773, 'West Jaidenfurt', 48, '2024-08-14 00:08:02', '2024-08-14 00:08:02'),
(774, 'South Margie', 4, '2024-08-14 00:08:02', '2024-08-14 00:08:02'),
(775, 'North Sharon', 35, '2024-08-14 00:08:02', '2024-08-14 00:08:02'),
(776, 'Port Sylvan', 9, '2024-08-14 00:08:02', '2024-08-14 00:08:02'),
(777, 'East Milton', 28, '2024-08-14 00:08:02', '2024-08-14 00:08:02'),
(778, 'New Ethelmouth', 97, '2024-08-14 00:08:02', '2024-08-14 00:08:02'),
(779, 'Kozeystad', 84, '2024-08-14 00:08:02', '2024-08-14 00:08:02'),
(780, 'South Katlynn', 17, '2024-08-14 00:08:02', '2024-08-14 00:08:02'),
(781, 'North Ettiefort', 69, '2024-08-14 00:08:02', '2024-08-14 00:08:02'),
(782, 'South Shaun', 32, '2024-08-14 00:08:02', '2024-08-14 00:08:02'),
(783, 'West Marcelofort', 95, '2024-08-14 00:08:02', '2024-08-14 00:08:02'),
(784, 'Mertztown', 24, '2024-08-14 00:08:02', '2024-08-14 00:08:02'),
(785, 'Katherinemouth', 82, '2024-08-14 00:08:02', '2024-08-14 00:08:02'),
(786, 'Port Eldon', 20, '2024-08-14 00:08:02', '2024-08-14 00:08:02'),
(787, 'West Katelynn', 24, '2024-08-14 00:08:02', '2024-08-14 00:08:02'),
(788, 'North Letitiaburgh', 53, '2024-08-14 00:08:02', '2024-08-14 00:08:02'),
(789, 'East Mafalda', 35, '2024-08-14 00:08:02', '2024-08-14 00:08:02'),
(790, 'North Loyce', 48, '2024-08-14 00:08:02', '2024-08-14 00:08:02'),
(791, 'East Julietside', 24, '2024-08-14 00:08:02', '2024-08-14 00:08:02'),
(792, 'New Adele', 12, '2024-08-14 00:08:02', '2024-08-14 00:08:02'),
(793, 'Port Ashtyn', 84, '2024-08-14 00:08:02', '2024-08-14 00:08:02'),
(794, 'South Heath', 42, '2024-08-14 00:08:02', '2024-08-14 00:08:02'),
(795, 'West Robyn', 11, '2024-08-14 00:08:02', '2024-08-14 00:08:02'),
(796, 'East Serena', 51, '2024-08-14 00:08:02', '2024-08-14 00:08:02'),
(797, 'West Destiny', 9, '2024-08-14 00:08:02', '2024-08-14 00:08:02'),
(798, 'Marianaborough', 49, '2024-08-14 00:08:02', '2024-08-14 00:08:02'),
(799, 'Marianbury', 30, '2024-08-14 00:08:02', '2024-08-14 00:08:02'),
(800, 'Port Fordbury', 85, '2024-08-14 00:08:02', '2024-08-14 00:08:02'),
(801, 'Lake Alison', 40, '2024-08-14 00:08:02', '2024-08-14 00:08:02'),
(802, 'New Daija', 18, '2024-08-14 00:08:02', '2024-08-14 00:08:02'),
(803, 'New Nettie', 6, '2024-08-14 00:08:02', '2024-08-14 00:08:02'),
(804, 'Farrellhaven', 5, '2024-08-14 00:08:02', '2024-08-14 00:08:02'),
(805, 'North Aiyana', 3, '2024-08-14 00:08:02', '2024-08-14 00:08:02'),
(806, 'Rutherfordchester', 23, '2024-08-14 00:08:02', '2024-08-14 00:08:02'),
(807, 'Port Marlon', 85, '2024-08-14 00:08:02', '2024-08-14 00:08:02'),
(808, 'Weimannfurt', 23, '2024-08-14 00:08:02', '2024-08-14 00:08:02'),
(809, 'Klockoton', 3, '2024-08-14 00:08:02', '2024-08-14 00:08:02'),
(810, 'New Verona', 76, '2024-08-14 00:08:02', '2024-08-14 00:08:02'),
(811, 'Port Geovany', 62, '2024-08-14 00:08:02', '2024-08-14 00:08:02'),
(812, 'Port Peytonchester', 90, '2024-08-14 00:08:02', '2024-08-14 00:08:02'),
(813, 'New Stellastad', 75, '2024-08-14 00:08:02', '2024-08-14 00:08:02'),
(814, 'Morrisborough', 89, '2024-08-14 00:08:02', '2024-08-14 00:08:02'),
(815, 'Braedenmouth', 47, '2024-08-14 00:08:02', '2024-08-14 00:08:02'),
(816, 'Ceciletown', 42, '2024-08-14 00:08:02', '2024-08-14 00:08:02'),
(817, 'Kurtiston', 5, '2024-08-14 00:08:02', '2024-08-14 00:08:02'),
(818, 'South Loisport', 28, '2024-08-14 00:08:03', '2024-08-14 00:08:03'),
(819, 'Port Vance', 28, '2024-08-14 00:08:03', '2024-08-14 00:08:03'),
(820, 'Keelingburgh', 84, '2024-08-14 00:08:03', '2024-08-14 00:08:03'),
(821, 'Dorotheachester', 35, '2024-08-14 00:08:03', '2024-08-14 00:08:03'),
(822, 'Lake Wendell', 34, '2024-08-14 00:08:03', '2024-08-14 00:08:03'),
(823, 'North Austyn', 33, '2024-08-14 00:08:03', '2024-08-14 00:08:03'),
(824, 'New Beulahbury', 64, '2024-08-14 00:08:03', '2024-08-14 00:08:03'),
(825, 'Abbottville', 18, '2024-08-14 00:08:03', '2024-08-14 00:08:03'),
(826, 'West Ahmadbury', 16, '2024-08-14 00:08:03', '2024-08-14 00:08:03'),
(827, 'North Cydney', 40, '2024-08-14 00:08:03', '2024-08-14 00:08:03'),
(828, 'West Janessamouth', 99, '2024-08-14 00:08:03', '2024-08-14 00:08:03'),
(829, 'Eliseoborough', 46, '2024-08-14 00:08:03', '2024-08-14 00:08:03'),
(830, 'North Zula', 35, '2024-08-14 00:08:03', '2024-08-14 00:08:03'),
(831, 'Simeonland', 80, '2024-08-14 00:08:03', '2024-08-14 00:08:03'),
(832, 'North Toneyfort', 3, '2024-08-14 00:08:03', '2024-08-14 00:08:03'),
(833, 'South Kaelaton', 59, '2024-08-14 00:08:03', '2024-08-14 00:08:03'),
(834, 'Kianamouth', 83, '2024-08-14 00:08:03', '2024-08-14 00:08:03'),
(835, 'Lake Annalise', 82, '2024-08-14 00:08:03', '2024-08-14 00:08:03'),
(836, 'South Juniuston', 30, '2024-08-14 00:08:03', '2024-08-14 00:08:03'),
(837, 'Lake Reina', 97, '2024-08-14 00:08:03', '2024-08-14 00:08:03'),
(838, 'New Raphaellehaven', 2, '2024-08-14 00:08:03', '2024-08-14 00:08:03'),
(839, 'West Heathburgh', 14, '2024-08-14 00:08:03', '2024-08-14 00:08:03'),
(840, 'Jastbury', 76, '2024-08-14 00:08:03', '2024-08-14 00:08:03'),
(841, 'Klockoland', 53, '2024-08-14 00:08:03', '2024-08-14 00:08:03'),
(842, 'North Jaylanborough', 27, '2024-08-14 00:08:03', '2024-08-14 00:08:03'),
(843, 'South Alainatown', 52, '2024-08-14 00:08:03', '2024-08-14 00:08:03'),
(844, 'Kiannaburgh', 77, '2024-08-14 00:08:03', '2024-08-14 00:08:03'),
(845, 'North Alfonso', 3, '2024-08-14 00:08:03', '2024-08-14 00:08:03'),
(846, 'Ednashire', 54, '2024-08-14 00:08:03', '2024-08-14 00:08:03'),
(847, 'Breannefort', 31, '2024-08-14 00:08:03', '2024-08-14 00:08:03'),
(848, 'Abbottview', 69, '2024-08-14 00:08:03', '2024-08-14 00:08:03'),
(849, 'Kunzeside', 9, '2024-08-14 00:08:03', '2024-08-14 00:08:03'),
(850, 'Cassidychester', 70, '2024-08-14 00:08:03', '2024-08-14 00:08:03'),
(851, 'Jalynchester', 49, '2024-08-14 00:08:03', '2024-08-14 00:08:03'),
(852, 'East Bufordview', 82, '2024-08-14 00:08:03', '2024-08-14 00:08:03'),
(853, 'Gustborough', 84, '2024-08-14 00:08:03', '2024-08-14 00:08:03'),
(854, 'East Ferneburgh', 67, '2024-08-14 00:08:03', '2024-08-14 00:08:03'),
(855, 'Mosciskifort', 20, '2024-08-14 00:08:03', '2024-08-14 00:08:03'),
(856, 'Denamouth', 27, '2024-08-14 00:08:03', '2024-08-14 00:08:03'),
(857, 'Kerlukestad', 88, '2024-08-14 00:08:03', '2024-08-14 00:08:03'),
(858, 'North Dillanstad', 53, '2024-08-14 00:08:03', '2024-08-14 00:08:03'),
(859, 'North Keith', 87, '2024-08-14 00:08:03', '2024-08-14 00:08:03'),
(860, 'Gustaveland', 98, '2024-08-14 00:08:03', '2024-08-14 00:08:03'),
(861, 'Lake Camille', 26, '2024-08-14 00:08:03', '2024-08-14 00:08:03'),
(862, 'New Lera', 3, '2024-08-14 00:08:03', '2024-08-14 00:08:03'),
(863, 'New Elna', 8, '2024-08-14 00:08:03', '2024-08-14 00:08:03'),
(864, 'Bergebury', 40, '2024-08-14 00:08:03', '2024-08-14 00:08:03'),
(865, 'South Austyn', 42, '2024-08-14 00:08:03', '2024-08-14 00:08:03'),
(866, 'Runolfssonshire', 12, '2024-08-14 00:08:03', '2024-08-14 00:08:03'),
(867, 'North Masonbury', 32, '2024-08-14 00:08:03', '2024-08-14 00:08:03'),
(868, 'Port Tremaineview', 39, '2024-08-14 00:08:03', '2024-08-14 00:08:03'),
(869, 'North Ibrahimtown', 65, '2024-08-14 00:08:03', '2024-08-14 00:08:03'),
(870, 'Devonport', 56, '2024-08-14 00:08:03', '2024-08-14 00:08:03'),
(871, 'West Rhiannonburgh', 23, '2024-08-14 00:08:03', '2024-08-14 00:08:03'),
(872, 'Asiatown', 18, '2024-08-14 00:08:03', '2024-08-14 00:08:03'),
(873, 'East Orrinshire', 41, '2024-08-14 00:08:03', '2024-08-14 00:08:03'),
(874, 'Lake Mavisfort', 79, '2024-08-14 00:08:03', '2024-08-14 00:08:03'),
(875, 'Port Johantown', 85, '2024-08-14 00:08:03', '2024-08-14 00:08:03'),
(876, 'Huelbury', 11, '2024-08-14 00:08:03', '2024-08-14 00:08:03'),
(877, 'New Cheyanne', 89, '2024-08-14 00:08:03', '2024-08-14 00:08:03'),
(878, 'Harryfort', 49, '2024-08-14 00:08:03', '2024-08-14 00:08:03'),
(879, 'Jacobiview', 55, '2024-08-14 00:08:03', '2024-08-14 00:08:03'),
(880, 'East Kayceeberg', 17, '2024-08-14 00:08:03', '2024-08-14 00:08:03'),
(881, 'Jaquelinemouth', 76, '2024-08-14 00:08:03', '2024-08-14 00:08:03'),
(882, 'North Kaylinmouth', 47, '2024-08-14 00:08:03', '2024-08-14 00:08:03'),
(883, 'Lillieside', 71, '2024-08-14 00:08:03', '2024-08-14 00:08:03'),
(884, 'West Ludwig', 22, '2024-08-14 00:08:03', '2024-08-14 00:08:03'),
(885, 'Port Jacquelynland', 69, '2024-08-14 00:08:03', '2024-08-14 00:08:03'),
(886, 'South Alysafurt', 97, '2024-08-14 00:08:03', '2024-08-14 00:08:03'),
(887, 'Bridgetmouth', 48, '2024-08-14 00:08:03', '2024-08-14 00:08:03'),
(888, 'Corkeryburgh', 3, '2024-08-14 00:08:03', '2024-08-14 00:08:03'),
(889, 'Stantonfurt', 21, '2024-08-14 00:08:03', '2024-08-14 00:08:03'),
(890, 'West Gerhardside', 77, '2024-08-14 00:08:03', '2024-08-14 00:08:03'),
(891, 'Hilpertstad', 65, '2024-08-14 00:08:03', '2024-08-14 00:08:03'),
(892, 'Josianefort', 35, '2024-08-14 00:08:03', '2024-08-14 00:08:03'),
(893, 'Port Woodrowview', 14, '2024-08-14 00:08:03', '2024-08-14 00:08:03'),
(894, 'Lake Aureliomouth', 2, '2024-08-14 00:08:03', '2024-08-14 00:08:03'),
(895, 'Opheliaton', 10, '2024-08-14 00:08:03', '2024-08-14 00:08:03'),
(896, 'South Parisstad', 44, '2024-08-14 00:08:03', '2024-08-14 00:08:03'),
(897, 'North Salmaborough', 18, '2024-08-14 00:08:03', '2024-08-14 00:08:03'),
(898, 'Kirlinton', 38, '2024-08-14 00:08:03', '2024-08-14 00:08:03'),
(899, 'Cedrickchester', 78, '2024-08-14 00:08:03', '2024-08-14 00:08:03'),
(900, 'West Rowanland', 85, '2024-08-14 00:08:03', '2024-08-14 00:08:03'),
(901, 'New Lura', 43, '2024-08-14 00:08:03', '2024-08-14 00:08:03'),
(902, 'Lake Margot', 48, '2024-08-14 00:08:03', '2024-08-14 00:08:03'),
(903, 'Tianafurt', 10, '2024-08-14 00:08:03', '2024-08-14 00:08:03'),
(904, 'North Samirstad', 68, '2024-08-14 00:08:03', '2024-08-14 00:08:03'),
(905, 'Cassinstad', 74, '2024-08-14 00:08:03', '2024-08-14 00:08:03'),
(906, 'West Curthaven', 98, '2024-08-14 00:08:03', '2024-08-14 00:08:03'),
(907, 'Enosview', 11, '2024-08-14 00:08:03', '2024-08-14 00:08:03'),
(908, 'South Terrillberg', 59, '2024-08-14 00:08:03', '2024-08-14 00:08:03'),
(909, 'Martyside', 6, '2024-08-14 00:08:03', '2024-08-14 00:08:03'),
(910, 'West May', 65, '2024-08-14 00:08:03', '2024-08-14 00:08:03'),
(911, 'Lilianeton', 76, '2024-08-14 00:08:03', '2024-08-14 00:08:03'),
(912, 'Lake Gilbertfort', 10, '2024-08-14 00:08:03', '2024-08-14 00:08:03'),
(913, 'Wolfton', 49, '2024-08-14 00:08:03', '2024-08-14 00:08:03'),
(914, 'New Wilfredo', 72, '2024-08-14 00:08:03', '2024-08-14 00:08:03'),
(915, 'Lake Judgehaven', 4, '2024-08-14 00:08:03', '2024-08-14 00:08:03'),
(916, 'Walshfort', 71, '2024-08-14 00:08:03', '2024-08-14 00:08:03'),
(917, 'Pamelahaven', 83, '2024-08-14 00:08:03', '2024-08-14 00:08:03'),
(918, 'New Ravenmouth', 79, '2024-08-14 00:08:03', '2024-08-14 00:08:03'),
(919, 'Lake Jaspermouth', 88, '2024-08-14 00:08:03', '2024-08-14 00:08:03'),
(920, 'North Jaylen', 10, '2024-08-14 00:08:03', '2024-08-14 00:08:03'),
(921, 'East Lonie', 66, '2024-08-14 00:08:03', '2024-08-14 00:08:03'),
(922, 'South Monaburgh', 47, '2024-08-14 00:08:03', '2024-08-14 00:08:03'),
(923, 'Nashmouth', 83, '2024-08-14 00:08:03', '2024-08-14 00:08:03'),
(924, 'North Arturo', 63, '2024-08-14 00:08:03', '2024-08-14 00:08:03'),
(925, 'Ebertfurt', 9, '2024-08-14 00:08:03', '2024-08-14 00:08:03'),
(926, 'Malvinaborough', 99, '2024-08-14 00:08:03', '2024-08-14 00:08:03'),
(927, 'Kleinland', 45, '2024-08-14 00:08:03', '2024-08-14 00:08:03'),
(928, 'Collinsport', 15, '2024-08-14 00:08:03', '2024-08-14 00:08:03'),
(929, 'Wisozkbury', 93, '2024-08-14 00:08:03', '2024-08-14 00:08:03'),
(930, 'Murphyport', 89, '2024-08-14 00:08:03', '2024-08-14 00:08:03'),
(931, 'Karineborough', 50, '2024-08-14 00:08:03', '2024-08-14 00:08:03'),
(932, 'Nevabury', 64, '2024-08-14 00:08:03', '2024-08-14 00:08:03'),
(933, 'South Annamarie', 43, '2024-08-14 00:08:03', '2024-08-14 00:08:03'),
(934, 'South Tevin', 7, '2024-08-14 00:08:03', '2024-08-14 00:08:03'),
(935, 'McDermottland', 9, '2024-08-14 00:08:03', '2024-08-14 00:08:03'),
(936, 'South Ima', 86, '2024-08-14 00:08:03', '2024-08-14 00:08:03'),
(937, 'West Howard', 71, '2024-08-14 00:08:03', '2024-08-14 00:08:03'),
(938, 'McGlynnshire', 60, '2024-08-14 00:08:03', '2024-08-14 00:08:03'),
(939, 'West Tommieborough', 84, '2024-08-14 00:08:03', '2024-08-14 00:08:03'),
(940, 'Kylaville', 17, '2024-08-14 00:08:03', '2024-08-14 00:08:03'),
(941, 'Tonyland', 78, '2024-08-14 00:08:03', '2024-08-14 00:08:03'),
(942, 'Treutelfurt', 53, '2024-08-14 00:08:03', '2024-08-14 00:08:03'),
(943, 'Port Flo', 76, '2024-08-14 00:08:03', '2024-08-14 00:08:03'),
(944, 'Olenton', 33, '2024-08-14 00:08:03', '2024-08-14 00:08:03'),
(945, 'Reedland', 84, '2024-08-14 00:08:03', '2024-08-14 00:08:03'),
(946, 'Nicolaschester', 75, '2024-08-14 00:08:03', '2024-08-14 00:08:03'),
(947, 'East Savannah', 39, '2024-08-14 00:08:03', '2024-08-14 00:08:03'),
(948, 'Hermanstad', 67, '2024-08-14 00:08:03', '2024-08-14 00:08:03'),
(949, 'Feesthaven', 97, '2024-08-14 00:08:03', '2024-08-14 00:08:03'),
(950, 'Jaststad', 33, '2024-08-14 00:08:03', '2024-08-14 00:08:03'),
(951, 'Port Delberthaven', 81, '2024-08-14 00:08:03', '2024-08-14 00:08:03'),
(952, 'Vancemouth', 38, '2024-08-14 00:08:03', '2024-08-14 00:08:03'),
(953, 'Effertzfort', 6, '2024-08-14 00:08:03', '2024-08-14 00:08:03'),
(954, 'Laurashire', 51, '2024-08-14 00:08:03', '2024-08-14 00:08:03'),
(955, 'Port Dalton', 31, '2024-08-14 00:08:03', '2024-08-14 00:08:03'),
(956, 'Lake Abrahamfort', 3, '2024-08-14 00:08:03', '2024-08-14 00:08:03'),
(957, 'Bogisichstad', 12, '2024-08-14 00:08:03', '2024-08-14 00:08:03'),
(958, 'Geoffreyville', 79, '2024-08-14 00:08:03', '2024-08-14 00:08:03'),
(959, 'Barrowsland', 86, '2024-08-14 00:08:03', '2024-08-14 00:08:03'),
(960, 'North Teresaberg', 70, '2024-08-14 00:08:03', '2024-08-14 00:08:03'),
(961, 'South Deontemouth', 50, '2024-08-14 00:08:03', '2024-08-14 00:08:03'),
(962, 'Stokesmouth', 77, '2024-08-14 00:08:03', '2024-08-14 00:08:03'),
(963, 'Letashire', 8, '2024-08-14 00:08:03', '2024-08-14 00:08:03'),
(964, 'Lake Thea', 100, '2024-08-14 00:08:03', '2024-08-14 00:08:03'),
(965, 'Port Janyborough', 63, '2024-08-14 00:08:03', '2024-08-14 00:08:03'),
(966, 'Port Abigaleton', 2, '2024-08-14 00:08:03', '2024-08-14 00:08:03'),
(967, 'Kelsimouth', 51, '2024-08-14 00:08:03', '2024-08-14 00:08:03'),
(968, 'Jacobshaven', 11, '2024-08-14 00:08:03', '2024-08-14 00:08:03'),
(969, 'Binsmouth', 61, '2024-08-14 00:08:03', '2024-08-14 00:08:03'),
(970, 'Skilesburgh', 59, '2024-08-14 00:08:03', '2024-08-14 00:08:03'),
(971, 'Otiliachester', 94, '2024-08-14 00:08:03', '2024-08-14 00:08:03'),
(972, 'East Taureantown', 42, '2024-08-14 00:08:03', '2024-08-14 00:08:03'),
(973, 'Hegmannborough', 70, '2024-08-14 00:08:03', '2024-08-14 00:08:03'),
(974, 'Lake Dedrickside', 50, '2024-08-14 00:08:03', '2024-08-14 00:08:03'),
(975, 'North Natchester', 87, '2024-08-14 00:08:03', '2024-08-14 00:08:03'),
(976, 'Kirlinland', 19, '2024-08-14 00:08:03', '2024-08-14 00:08:03'),
(977, 'Hammestown', 73, '2024-08-14 00:08:03', '2024-08-14 00:08:03'),
(978, 'West Tom', 9, '2024-08-14 00:08:03', '2024-08-14 00:08:03'),
(979, 'Rutherfordborough', 32, '2024-08-14 00:08:03', '2024-08-14 00:08:03'),
(980, 'East Porter', 44, '2024-08-14 00:08:03', '2024-08-14 00:08:03'),
(981, 'Boscofort', 8, '2024-08-14 00:08:03', '2024-08-14 00:08:03'),
(982, 'New Madelynnhaven', 99, '2024-08-14 00:08:03', '2024-08-14 00:08:03'),
(983, 'Port Rickyhaven', 33, '2024-08-14 00:08:03', '2024-08-14 00:08:03'),
(984, 'Ankundingfort', 22, '2024-08-14 00:08:03', '2024-08-14 00:08:03'),
(985, 'West Sage', 1, '2024-08-14 00:08:03', '2024-08-14 00:08:03'),
(986, 'Betheltown', 66, '2024-08-14 00:08:03', '2024-08-14 00:08:03'),
(987, 'Rueckerport', 43, '2024-08-14 00:08:03', '2024-08-14 00:08:03'),
(988, 'Auerside', 8, '2024-08-14 00:08:03', '2024-08-14 00:08:03'),
(989, 'West Darioberg', 87, '2024-08-14 00:08:03', '2024-08-14 00:08:03'),
(990, 'Port Vernon', 37, '2024-08-14 00:08:03', '2024-08-14 00:08:03'),
(991, 'East Roberto', 85, '2024-08-14 00:08:03', '2024-08-14 00:08:03'),
(992, 'South Pearlie', 87, '2024-08-14 00:08:03', '2024-08-14 00:08:03'),
(993, 'Port Dellstad', 50, '2024-08-14 00:08:03', '2024-08-14 00:08:03'),
(994, 'Bauchfurt', 73, '2024-08-14 00:08:03', '2024-08-14 00:08:03'),
(995, 'West Durward', 36, '2024-08-14 00:08:03', '2024-08-14 00:08:03'),
(996, 'West Hillard', 55, '2024-08-14 00:08:03', '2024-08-14 00:08:03'),
(997, 'Lake Elisabeth', 16, '2024-08-14 00:08:03', '2024-08-14 00:08:03'),
(998, 'East Yasmin', 91, '2024-08-14 00:08:03', '2024-08-14 00:08:03'),
(999, 'Schulistton', 62, '2024-08-14 00:08:03', '2024-08-14 00:08:03'),
(1000, 'New Ethel', 28, '2024-08-14 00:08:03', '2024-08-14 00:08:03');

-- --------------------------------------------------------

--
-- Table structure for table `countries`
--

CREATE TABLE `countries` (
  `id` bigint UNSIGNED NOT NULL,
  `name` varchar(50) COLLATE utf8mb4_unicode_ci NOT NULL,
  `created_at` timestamp NULL DEFAULT NULL,
  `updated_at` timestamp NULL DEFAULT NULL
) ENGINE=InnoDB DEFAULT CHARSET=utf8mb4 COLLATE=utf8mb4_unicode_ci;

--
-- Dumping data for table `countries`
--

INSERT INTO `countries` (`id`, `name`, `created_at`, `updated_at`) VALUES
(1, 'Guam', '2024-08-14 00:08:01', '2024-08-14 00:08:01'),
(2, 'Kyrgyz Republic', '2024-08-14 00:08:01', '2024-08-14 00:08:01'),
(3, 'Taiwan', '2024-08-14 00:08:01', '2024-08-14 00:08:01'),
(4, 'Morocco', '2024-08-14 00:08:01', '2024-08-14 00:08:01'),
(5, 'Malawi', '2024-08-14 00:08:01', '2024-08-14 00:08:01'),
(6, 'Bahamas', '2024-08-14 00:08:01', '2024-08-14 00:08:01'),
(7, 'Papua New Guinea', '2024-08-14 00:08:01', '2024-08-14 00:08:01'),
(8, 'Guatemala', '2024-08-14 00:08:01', '2024-08-14 00:08:01'),
(9, 'Bulgaria', '2024-08-14 00:08:01', '2024-08-14 00:08:01'),
(10, 'Puerto Rico', '2024-08-14 00:08:01', '2024-08-14 00:08:01');

-- --------------------------------------------------------

--
-- Table structure for table `customers`
--

CREATE TABLE `customers` (
  `id` bigint UNSIGNED NOT NULL,
  `created_at` timestamp NULL DEFAULT NULL,
  `updated_at` timestamp NULL DEFAULT NULL
) ENGINE=InnoDB DEFAULT CHARSET=utf8mb4 COLLATE=utf8mb4_unicode_ci;

-- --------------------------------------------------------

--
-- Table structure for table `departments`
--

CREATE TABLE `departments` (
  `id` bigint UNSIGNED NOT NULL,
  `name` varchar(255) COLLATE utf8mb4_unicode_ci NOT NULL DEFAULT 'Unknown',
  `created_at` timestamp NULL DEFAULT NULL,
  `updated_at` timestamp NULL DEFAULT NULL
) ENGINE=InnoDB DEFAULT CHARSET=utf8mb4 COLLATE=utf8mb4_unicode_ci;

--
-- Dumping data for table `departments`
--

INSERT INTO `departments` (`id`, `name`, `created_at`, `updated_at`) VALUES
(1, 'Laravel', '2024-08-13 06:16:36', '2024-08-13 06:18:39'),
(2, 'Dot Net', '2024-08-13 06:19:31', '2024-08-13 06:19:31'),
(3, 'Digital Marketing', '2024-08-13 06:19:50', '2024-08-13 06:19:50');

-- --------------------------------------------------------

--
-- Table structure for table `failed_jobs`
--

CREATE TABLE `failed_jobs` (
  `id` bigint UNSIGNED NOT NULL,
  `uuid` varchar(255) COLLATE utf8mb4_unicode_ci NOT NULL,
  `connection` text COLLATE utf8mb4_unicode_ci NOT NULL,
  `queue` text COLLATE utf8mb4_unicode_ci NOT NULL,
  `payload` longtext COLLATE utf8mb4_unicode_ci NOT NULL,
  `exception` longtext COLLATE utf8mb4_unicode_ci NOT NULL,
  `failed_at` timestamp NOT NULL DEFAULT CURRENT_TIMESTAMP
) ENGINE=InnoDB DEFAULT CHARSET=utf8mb4 COLLATE=utf8mb4_unicode_ci;

-- --------------------------------------------------------

--
-- Table structure for table `jobs`
--

CREATE TABLE `jobs` (
  `id` bigint UNSIGNED NOT NULL,
  `queue` varchar(255) COLLATE utf8mb4_unicode_ci NOT NULL,
  `payload` longtext COLLATE utf8mb4_unicode_ci NOT NULL,
  `attempts` tinyint UNSIGNED NOT NULL,
  `reserved_at` int UNSIGNED DEFAULT NULL,
  `available_at` int UNSIGNED NOT NULL,
  `created_at` int UNSIGNED NOT NULL
) ENGINE=InnoDB DEFAULT CHARSET=utf8mb4 COLLATE=utf8mb4_unicode_ci;

-- --------------------------------------------------------

--
-- Table structure for table `job_batches`
--

CREATE TABLE `job_batches` (
  `id` varchar(255) COLLATE utf8mb4_unicode_ci NOT NULL,
  `name` varchar(255) COLLATE utf8mb4_unicode_ci NOT NULL,
  `total_jobs` int NOT NULL,
  `pending_jobs` int NOT NULL,
  `failed_jobs` int NOT NULL,
  `failed_job_ids` longtext COLLATE utf8mb4_unicode_ci NOT NULL,
  `options` mediumtext COLLATE utf8mb4_unicode_ci,
  `cancelled_at` int DEFAULT NULL,
  `created_at` int NOT NULL,
  `finished_at` int DEFAULT NULL
) ENGINE=InnoDB DEFAULT CHARSET=utf8mb4 COLLATE=utf8mb4_unicode_ci;

-- --------------------------------------------------------

--
-- Table structure for table `migrations`
--

CREATE TABLE `migrations` (
  `id` int UNSIGNED NOT NULL,
  `migration` varchar(255) COLLATE utf8mb4_unicode_ci NOT NULL,
  `batch` int NOT NULL
) ENGINE=InnoDB DEFAULT CHARSET=utf8mb4 COLLATE=utf8mb4_unicode_ci;

--
-- Dumping data for table `migrations`
--

INSERT INTO `migrations` (`id`, `migration`, `batch`) VALUES
(12, '0001_01_01_000000_create_users_table', 1),
(13, '0001_01_01_000001_create_cache_table', 1),
(14, '0001_01_01_000002_create_jobs_table', 1),
(15, '2024_08_13_093847_create_staff_table', 1),
(16, '2024_08_13_104302_create_departments_table', 1),
(17, '2024_08_13_112430_create_customers_table', 1),
(18, '2024_08_13_112447_create_user_profiles_table', 1),
(19, '2024_08_14_050852_create_countries_table', 2),
(20, '2024_08_14_050906_create_states_table', 2),
(21, '2024_08_14_050915_create_cities_table', 2),
(22, '2024_08_14_050854_create_countries_table', 3),
(23, '2024_08_14_050907_create_states_table', 3),
(24, '2024_08_14_050916_create_cities_table', 3),
(25, '2024_08_13_112450_create_user_profiles_table', 4),
(26, '2024_08_14_093125_create_roles_table', 5),
(27, '2024_08_14_111613_create_user_roles_table', 6);

-- --------------------------------------------------------

--
-- Table structure for table `password_reset_tokens`
--

CREATE TABLE `password_reset_tokens` (
  `email` varchar(255) COLLATE utf8mb4_unicode_ci NOT NULL,
  `token` varchar(255) COLLATE utf8mb4_unicode_ci NOT NULL,
  `created_at` timestamp NULL DEFAULT NULL
) ENGINE=InnoDB DEFAULT CHARSET=utf8mb4 COLLATE=utf8mb4_unicode_ci;

-- --------------------------------------------------------

--
-- Table structure for table `roles`
--

CREATE TABLE `roles` (
  `id` bigint UNSIGNED NOT NULL,
  `role` varchar(255) COLLATE utf8mb4_unicode_ci NOT NULL,
  `created_at` timestamp NULL DEFAULT NULL,
  `updated_at` timestamp NULL DEFAULT NULL
) ENGINE=InnoDB DEFAULT CHARSET=utf8mb4 COLLATE=utf8mb4_unicode_ci;

--
-- Dumping data for table `roles`
--

INSERT INTO `roles` (`id`, `role`, `created_at`, `updated_at`) VALUES
(1, 'Admin', '2024-08-14 04:07:28', '2024-08-14 04:07:28'),
(2, 'Staff', '2024-08-14 04:07:28', '2024-08-14 04:07:28'),
(3, 'Author', '2024-08-14 04:07:28', '2024-08-14 04:07:28'),
(4, 'Manager', '2024-08-14 04:07:28', '2024-08-14 04:07:28'),
(5, 'Specialist', '2024-08-14 04:07:28', '2024-08-14 04:07:28'),
(14, 'test', '2024-08-23 01:19:10', '2024-08-23 01:19:10');

-- --------------------------------------------------------

--
-- Table structure for table `sessions`
--

CREATE TABLE `sessions` (
  `id` varchar(255) COLLATE utf8mb4_unicode_ci NOT NULL,
  `user_id` bigint UNSIGNED DEFAULT NULL,
  `ip_address` varchar(45) COLLATE utf8mb4_unicode_ci DEFAULT NULL,
  `user_agent` text COLLATE utf8mb4_unicode_ci,
  `payload` longtext COLLATE utf8mb4_unicode_ci NOT NULL,
  `last_activity` int NOT NULL
) ENGINE=InnoDB DEFAULT CHARSET=utf8mb4 COLLATE=utf8mb4_unicode_ci;

--
-- Dumping data for table `sessions`
--

INSERT INTO `sessions` (`id`, `user_id`, `ip_address`, `user_agent`, `payload`, `last_activity`) VALUES
('0D1yvJD06u3TwtzgejGUagd3a4aDS1V4M2UMm1l9', 1, '127.0.0.1', 'Mozilla/5.0 (Windows NT 10.0; Win64; x64) AppleWebKit/537.36 (KHTML, like Gecko) Chrome/127.0.0.0 Safari/537.36', 'YTo3OntzOjY6Il90b2tlbiI7czo0MDoicHFGRGxkcHFmZjEwdkRncjNKZTR1VkdURzBSWG9ZQURtMkgxNWRpbSI7czo2OiJfZmxhc2giO2E6Mjp7czozOiJvbGQiO2E6MDp7fXM6MzoibmV3IjthOjA6e319czo5OiJfcHJldmlvdXMiO2E6MTp7czozOiJ1cmwiO3M6NDA6Imh0dHA6Ly9maWxhbWVudC1hZG1pbi50ZXN0L3VzZXItcHJvZmlsZXMiO31zOjM6InVybCI7YTowOnt9czo1MDoibG9naW5fd2ViXzU5YmEzNmFkZGMyYjJmOTQwMTU4MGYwMTRjN2Y1OGVhNGUzMDk4OWQiO2k6MTtzOjE3OiJwYXNzd29yZF9oYXNoX3dlYiI7czo2MDoiJDJ5JDEyJHJtNzU4eksuTnJNYjlzcUx5Qy9zSi4uR3VQQUJoeTY3eVV5QWxoM2d0b0tpZXZBUS93WWFLIjtzOjg6ImZpbGFtZW50IjthOjA6e319', 1724415342),
('19MIYZpJz1BBavP2zDdGttepeEAjTrcRPdhLIXPi', 1, '127.0.0.1', 'Mozilla/5.0 (Windows NT 10.0; Win64; x64) AppleWebKit/537.36 (KHTML, like Gecko) Chrome/127.0.0.0 Safari/537.36', 'YTo1OntzOjY6Il90b2tlbiI7czo0MDoiN3g5SWd3M1A0RzRaTjhxZmowZnE4ZkdaRzhZYXlmTThyWFFxU1V2SyI7czo2OiJfZmxhc2giO2E6Mjp7czozOiJvbGQiO2E6MDp7fXM6MzoibmV3IjthOjA6e319czo5OiJfcHJldmlvdXMiO2E6MTp7czozOiJ1cmwiO3M6NDc6Imh0dHA6Ly9maWxhbWVudC1hZG1pbi1wcmltYXJ5LnRlc3QvdXNlcnMvMi9lZGl0Ijt9czo1MDoibG9naW5fd2ViXzU5YmEzNmFkZGMyYjJmOTQwMTU4MGYwMTRjN2Y1OGVhNGUzMDk4OWQiO2k6MTtzOjE3OiJwYXNzd29yZF9oYXNoX3dlYiI7czo2MDoiJDJ5JDEyJHJtNzU4eksuTnJNYjlzcUx5Qy9zSi4uR3VQQUJoeTY3eVV5QWxoM2d0b0tpZXZBUS93WWFLIjt9', 1724410720);

-- --------------------------------------------------------

--
-- Table structure for table `staff`
--

CREATE TABLE `staff` (
  `id` bigint UNSIGNED NOT NULL,
  `user_id` bigint UNSIGNED DEFAULT NULL,
  `department_id` bigint UNSIGNED DEFAULT NULL,
  `joined_at` timestamp NULL DEFAULT NULL,
  `created_at` timestamp NULL DEFAULT NULL,
  `updated_at` timestamp NULL DEFAULT NULL
) ENGINE=InnoDB DEFAULT CHARSET=utf8mb4 COLLATE=utf8mb4_unicode_ci;

--
-- Dumping data for table `staff`
--

INSERT INTO `staff` (`id`, `user_id`, `department_id`, `joined_at`, `created_at`, `updated_at`) VALUES
(1, 1, 1, '2024-08-01 12:03:58', '2024-08-13 06:34:07', '2024-08-13 06:34:07'),
(2, 2, 2, '2024-08-02 12:04:14', '2024-08-13 06:34:20', '2024-08-13 06:34:20'),
(3, 3, 3, '2024-08-03 12:04:26', '2024-08-13 06:34:29', '2024-08-13 06:34:29'),
(4, 4, 1, '2024-08-04 12:04:39', '2024-08-13 06:34:43', '2024-08-13 06:34:43'),
(5, 4, 1, '2024-08-03 12:04:51', '2024-08-13 06:34:55', '2024-08-13 06:34:55');

-- --------------------------------------------------------

--
-- Table structure for table `states`
--

CREATE TABLE `states` (
  `id` bigint UNSIGNED NOT NULL,
  `name` varchar(100) COLLATE utf8mb4_unicode_ci NOT NULL,
  `country_id` bigint UNSIGNED DEFAULT NULL,
  `created_at` timestamp NULL DEFAULT NULL,
  `updated_at` timestamp NULL DEFAULT NULL
) ENGINE=InnoDB DEFAULT CHARSET=utf8mb4 COLLATE=utf8mb4_unicode_ci;

--
-- Dumping data for table `states`
--

INSERT INTO `states` (`id`, `name`, `country_id`, `created_at`, `updated_at`) VALUES
(1, 'Texas', 3, '2024-08-14 00:08:01', '2024-08-14 00:08:01'),
(2, 'California', 7, '2024-08-14 00:08:01', '2024-08-14 00:08:01'),
(3, 'Georgia', 6, '2024-08-14 00:08:01', '2024-08-14 00:08:01'),
(4, 'Louisiana', 6, '2024-08-14 00:08:01', '2024-08-14 00:08:01'),
(5, 'Mississippi', 3, '2024-08-14 00:08:01', '2024-08-14 00:08:01'),
(6, 'Louisiana', 8, '2024-08-14 00:08:01', '2024-08-14 00:08:01'),
(7, 'Kansas', 2, '2024-08-14 00:08:01', '2024-08-14 00:08:01'),
(8, 'Hawaii', 2, '2024-08-14 00:08:01', '2024-08-14 00:08:01'),
(9, 'Alabama', 5, '2024-08-14 00:08:01', '2024-08-14 00:08:01'),
(10, 'Nevada', 4, '2024-08-14 00:08:01', '2024-08-14 00:08:01'),
(11, 'Utah', 6, '2024-08-14 00:08:01', '2024-08-14 00:08:01'),
(12, 'Virginia', 4, '2024-08-14 00:08:01', '2024-08-14 00:08:01'),
(13, 'Delaware', 4, '2024-08-14 00:08:01', '2024-08-14 00:08:01'),
(14, 'Arizona', 5, '2024-08-14 00:08:01', '2024-08-14 00:08:01'),
(15, 'Alaska', 1, '2024-08-14 00:08:01', '2024-08-14 00:08:01'),
(16, 'District of Columbia', 5, '2024-08-14 00:08:01', '2024-08-14 00:08:01'),
(17, 'Michigan', 5, '2024-08-14 00:08:01', '2024-08-14 00:08:01'),
(18, 'New Hampshire', 5, '2024-08-14 00:08:01', '2024-08-14 00:08:01'),
(19, 'Iowa', 6, '2024-08-14 00:08:01', '2024-08-14 00:08:01'),
(20, 'Missouri', 1, '2024-08-14 00:08:01', '2024-08-14 00:08:01'),
(21, 'Iowa', 6, '2024-08-14 00:08:01', '2024-08-14 00:08:01'),
(22, 'Tennessee', 2, '2024-08-14 00:08:01', '2024-08-14 00:08:01'),
(23, 'New York', 7, '2024-08-14 00:08:01', '2024-08-14 00:08:01'),
(24, 'Washington', 10, '2024-08-14 00:08:01', '2024-08-14 00:08:01'),
(25, 'Hawaii', 5, '2024-08-14 00:08:01', '2024-08-14 00:08:01'),
(26, 'Virginia', 9, '2024-08-14 00:08:01', '2024-08-14 00:08:01'),
(27, 'West Virginia', 2, '2024-08-14 00:08:01', '2024-08-14 00:08:01'),
(28, 'Kansas', 8, '2024-08-14 00:08:01', '2024-08-14 00:08:01'),
(29, 'Nebraska', 7, '2024-08-14 00:08:01', '2024-08-14 00:08:01'),
(30, 'Connecticut', 2, '2024-08-14 00:08:01', '2024-08-14 00:08:01'),
(31, 'Utah', 6, '2024-08-14 00:08:01', '2024-08-14 00:08:01'),
(32, 'South Carolina', 1, '2024-08-14 00:08:01', '2024-08-14 00:08:01'),
(33, 'California', 4, '2024-08-14 00:08:01', '2024-08-14 00:08:01'),
(34, 'New Jersey', 7, '2024-08-14 00:08:01', '2024-08-14 00:08:01'),
(35, 'Arizona', 7, '2024-08-14 00:08:01', '2024-08-14 00:08:01'),
(36, 'Arkansas', 9, '2024-08-14 00:08:01', '2024-08-14 00:08:01'),
(37, 'Vermont', 4, '2024-08-14 00:08:01', '2024-08-14 00:08:01'),
(38, 'South Carolina', 1, '2024-08-14 00:08:01', '2024-08-14 00:08:01'),
(39, 'Wyoming', 3, '2024-08-14 00:08:01', '2024-08-14 00:08:01'),
(40, 'District of Columbia', 10, '2024-08-14 00:08:01', '2024-08-14 00:08:01'),
(41, 'Rhode Island', 3, '2024-08-14 00:08:01', '2024-08-14 00:08:01'),
(42, 'New Jersey', 6, '2024-08-14 00:08:01', '2024-08-14 00:08:01'),
(43, 'Colorado', 10, '2024-08-14 00:08:01', '2024-08-14 00:08:01'),
(44, 'Washington', 9, '2024-08-14 00:08:01', '2024-08-14 00:08:01'),
(45, 'Maryland', 4, '2024-08-14 00:08:01', '2024-08-14 00:08:01'),
(46, 'Louisiana', 7, '2024-08-14 00:08:01', '2024-08-14 00:08:01'),
(47, 'Maine', 6, '2024-08-14 00:08:01', '2024-08-14 00:08:01'),
(48, 'North Dakota', 1, '2024-08-14 00:08:01', '2024-08-14 00:08:01'),
(49, 'Texas', 1, '2024-08-14 00:08:01', '2024-08-14 00:08:01'),
(50, 'District of Columbia', 7, '2024-08-14 00:08:01', '2024-08-14 00:08:01'),
(51, 'Alabama', 7, '2024-08-14 00:08:01', '2024-08-14 00:08:01'),
(52, 'Arkansas', 9, '2024-08-14 00:08:01', '2024-08-14 00:08:01'),
(53, 'Delaware', 4, '2024-08-14 00:08:01', '2024-08-14 00:08:01'),
(54, 'Washington', 3, '2024-08-14 00:08:01', '2024-08-14 00:08:01'),
(55, 'Louisiana', 6, '2024-08-14 00:08:01', '2024-08-14 00:08:01'),
(56, 'Louisiana', 10, '2024-08-14 00:08:01', '2024-08-14 00:08:01'),
(57, 'New Mexico', 1, '2024-08-14 00:08:01', '2024-08-14 00:08:01'),
(58, 'Illinois', 9, '2024-08-14 00:08:01', '2024-08-14 00:08:01'),
(59, 'Pennsylvania', 9, '2024-08-14 00:08:01', '2024-08-14 00:08:01'),
(60, 'Ohio', 7, '2024-08-14 00:08:01', '2024-08-14 00:08:01'),
(61, 'Idaho', 7, '2024-08-14 00:08:01', '2024-08-14 00:08:01'),
(62, 'Mississippi', 5, '2024-08-14 00:08:01', '2024-08-14 00:08:01'),
(63, 'New Mexico', 2, '2024-08-14 00:08:01', '2024-08-14 00:08:01'),
(64, 'Nevada', 7, '2024-08-14 00:08:01', '2024-08-14 00:08:01'),
(65, 'Vermont', 8, '2024-08-14 00:08:01', '2024-08-14 00:08:01'),
(66, 'North Carolina', 8, '2024-08-14 00:08:01', '2024-08-14 00:08:01'),
(67, 'Illinois', 9, '2024-08-14 00:08:01', '2024-08-14 00:08:01'),
(68, 'South Carolina', 2, '2024-08-14 00:08:01', '2024-08-14 00:08:01'),
(69, 'Iowa', 5, '2024-08-14 00:08:01', '2024-08-14 00:08:01'),
(70, 'South Dakota', 5, '2024-08-14 00:08:01', '2024-08-14 00:08:01'),
(71, 'Indiana', 5, '2024-08-14 00:08:01', '2024-08-14 00:08:01'),
(72, 'Texas', 1, '2024-08-14 00:08:01', '2024-08-14 00:08:01'),
(73, 'Minnesota', 4, '2024-08-14 00:08:01', '2024-08-14 00:08:01'),
(74, 'New York', 6, '2024-08-14 00:08:01', '2024-08-14 00:08:01'),
(75, 'Oregon', 2, '2024-08-14 00:08:01', '2024-08-14 00:08:01'),
(76, 'Oklahoma', 4, '2024-08-14 00:08:01', '2024-08-14 00:08:01'),
(77, 'Arkansas', 7, '2024-08-14 00:08:01', '2024-08-14 00:08:01'),
(78, 'Kansas', 3, '2024-08-14 00:08:01', '2024-08-14 00:08:01'),
(79, 'New York', 10, '2024-08-14 00:08:01', '2024-08-14 00:08:01'),
(80, 'Alaska', 9, '2024-08-14 00:08:01', '2024-08-14 00:08:01'),
(81, 'Illinois', 2, '2024-08-14 00:08:01', '2024-08-14 00:08:01'),
(82, 'Alabama', 6, '2024-08-14 00:08:01', '2024-08-14 00:08:01'),
(83, 'Maryland', 9, '2024-08-14 00:08:01', '2024-08-14 00:08:01'),
(84, 'Colorado', 3, '2024-08-14 00:08:01', '2024-08-14 00:08:01'),
(85, 'Nevada', 4, '2024-08-14 00:08:01', '2024-08-14 00:08:01'),
(86, 'California', 8, '2024-08-14 00:08:01', '2024-08-14 00:08:01'),
(87, 'Kentucky', 7, '2024-08-14 00:08:01', '2024-08-14 00:08:01'),
(88, 'Mississippi', 5, '2024-08-14 00:08:01', '2024-08-14 00:08:01'),
(89, 'Nevada', 6, '2024-08-14 00:08:01', '2024-08-14 00:08:01'),
(90, 'Minnesota', 10, '2024-08-14 00:08:01', '2024-08-14 00:08:01'),
(91, 'Georgia', 7, '2024-08-14 00:08:01', '2024-08-14 00:08:01'),
(92, 'Illinois', 6, '2024-08-14 00:08:01', '2024-08-14 00:08:01'),
(93, 'New Jersey', 6, '2024-08-14 00:08:01', '2024-08-14 00:08:01'),
(94, 'Alabama', 6, '2024-08-14 00:08:01', '2024-08-14 00:08:01'),
(95, 'South Dakota', 7, '2024-08-14 00:08:01', '2024-08-14 00:08:01'),
(96, 'Colorado', 9, '2024-08-14 00:08:01', '2024-08-14 00:08:01'),
(97, 'Texas', 9, '2024-08-14 00:08:01', '2024-08-14 00:08:01'),
(98, 'Arizona', 3, '2024-08-14 00:08:01', '2024-08-14 00:08:01'),
(99, 'Mississippi', 6, '2024-08-14 00:08:01', '2024-08-14 00:08:01'),
(100, 'Texas', 3, '2024-08-14 00:08:01', '2024-08-14 00:08:01');

-- --------------------------------------------------------

--
-- Table structure for table `users`
--

CREATE TABLE `users` (
  `id` bigint UNSIGNED NOT NULL,
  `name` varchar(255) CHARACTER SET utf8mb4 COLLATE utf8mb4_unicode_ci NOT NULL,
  `email` varchar(255) CHARACTER SET utf8mb4 COLLATE utf8mb4_unicode_ci NOT NULL,
  `email_verified_at` timestamp NULL DEFAULT NULL,
  `password` varchar(255) CHARACTER SET utf8mb4 COLLATE utf8mb4_unicode_ci NOT NULL,
  `remember_token` varchar(100) CHARACTER SET utf8mb4 COLLATE utf8mb4_unicode_ci DEFAULT NULL,
  `created_at` timestamp NULL DEFAULT NULL,
  `updated_at` timestamp NULL DEFAULT NULL
) ENGINE=InnoDB DEFAULT CHARSET=utf8mb4 COLLATE=utf8mb4_unicode_ci;

--
-- Dumping data for table `users`
--

INSERT INTO `users` (`id`, `name`, `email`, `email_verified_at`, `password`, `remember_token`, `created_at`, `updated_at`) VALUES
(1, 'Prachi', 'prachi@admin.com', NULL, '$2y$12$rm758zK.NrMb9sqLyC/sJ..GuPABhy67yUyAlh3gtoKievAQ/wYaK', NULL, '2024-08-13 04:20:58', '2024-08-14 05:45:06'),
(2, 'User 1', 'user1@test.com', NULL, '$2y$12$Sv89AZw2NSOR6dqQxhpNweBk3tbgKoFay3nXH/R5DKNEPVrsdOIZK', NULL, '2024-08-13 05:01:07', '2024-08-13 05:01:23'),
(3, 'User 2', 'user2@test.com', NULL, '$2y$12$KfZi7DxWWQhx2N.8dnOawek05gI/XkY02sdzFUXxRQpkYOyklo5q2', NULL, '2024-08-13 05:03:20', '2024-08-23 05:29:06'),
(4, 'User 3', 'user3@test.com', NULL, '$2y$12$FL6dbi8zjEKi5neypUly4OQGaSTry1jhHYlNvVq2KBJ084OscdPke', NULL, '2024-08-13 05:03:46', '2024-08-13 05:03:46'),
(5, 'User 4', 'user4@test.com', NULL, '$2y$12$d0IWNEnQ7XQXe1TNr/Z6se1J/.3VwqOpRRRe6FCi0AkedZEXkljfm', NULL, '2024-08-13 05:04:05', '2024-08-23 05:25:41'),
(6, 'User 5', 'user5@test.com', NULL, '$2y$12$0XBZBB7xV17op0Ks8WL/J.zqCvZotdvGjxcX96bft5kQIq.7h0wxO', NULL, '2024-08-13 05:04:22', '2024-08-13 05:04:22'),
(16, 'User 6', 'user6@test.com', NULL, '$2y$12$N41Ld9fmTnrtSkNyXPP.FeDTOXX6zajCE7rJmqs/Iatq4bGsf/Faa', NULL, '2024-08-23 05:06:50', '2024-08-23 05:06:50');

-- --------------------------------------------------------

--
-- Table structure for table `user_profiles`
--

CREATE TABLE `user_profiles` (
  `id` bigint UNSIGNED NOT NULL,
  `user_id` bigint UNSIGNED DEFAULT NULL,
  `profile_picture` varchar(255) COLLATE utf8mb4_unicode_ci DEFAULT NULL,
  `country_id` bigint UNSIGNED DEFAULT NULL,
  `state_id` bigint UNSIGNED DEFAULT NULL,
  `city_id` bigint UNSIGNED DEFAULT NULL,
  `gender` enum('male','female') COLLATE utf8mb4_unicode_ci DEFAULT NULL,
  `hobbies` json DEFAULT NULL,
  `bio` text COLLATE utf8mb4_unicode_ci,
  `created_at` timestamp NULL DEFAULT NULL,
  `updated_at` timestamp NULL DEFAULT NULL
) ENGINE=InnoDB DEFAULT CHARSET=utf8mb4 COLLATE=utf8mb4_unicode_ci;

--
-- Dumping data for table `user_profiles`
--

INSERT INTO `user_profiles` (`id`, `user_id`, `profile_picture`, `country_id`, `state_id`, `city_id`, `gender`, `hobbies`, `bio`, `created_at`, `updated_at`) VALUES
(1, 1, 'profile-pictures/01J5ZJ8DG93ZYE2ED72V6XR7P6.jpg', 4, 37, 711, 'female', '[\"reading\", \"music\", \"sports\"]', 'Test bio', '2024-08-14 01:21:59', '2024-08-23 06:39:25'),
(3, 2, 'profile-pictures/01J5ZJK0P8AD1JC3KJ5AMNMSZF.jpg', 4, 13, 97, 'male', '[\"sports\"]', 'Test Bio', '2024-08-14 03:40:17', '2024-08-23 06:45:12'),
(4, 3, 'profile-pictures/01J5ZJKP6SW6CJ3RSVBK5M51GM.jpg', 5, 17, 264, 'female', '[\"music\", \"sports\"]', 'Test Bio', '2024-08-14 03:44:15', '2024-08-23 06:45:34');

-- --------------------------------------------------------

--
-- Table structure for table `user_roles`
--

CREATE TABLE `user_roles` (
  `id` bigint UNSIGNED NOT NULL,
  `user_id` bigint UNSIGNED NOT NULL,
  `role_id` bigint UNSIGNED NOT NULL,
  `created_at` timestamp NULL DEFAULT NULL,
  `updated_at` timestamp NULL DEFAULT NULL
) ENGINE=InnoDB DEFAULT CHARSET=utf8mb4 COLLATE=utf8mb4_unicode_ci;

--
-- Dumping data for table `user_roles`
--

INSERT INTO `user_roles` (`id`, `user_id`, `role_id`, `created_at`, `updated_at`) VALUES
(1, 1, 1, '2024-08-16 04:10:04', '2024-08-16 04:10:04'),
(2, 2, 2, '2024-08-16 04:14:23', '2024-08-16 04:14:23'),
(3, 3, 3, '2024-08-23 05:30:00', '2024-08-23 05:30:00');

--
-- Indexes for dumped tables
--

--
-- Indexes for table `cache`
--
ALTER TABLE `cache`
  ADD PRIMARY KEY (`key`);

--
-- Indexes for table `cache_locks`
--
ALTER TABLE `cache_locks`
  ADD PRIMARY KEY (`key`);

--
-- Indexes for table `cities`
--
ALTER TABLE `cities`
  ADD PRIMARY KEY (`id`);

--
-- Indexes for table `countries`
--
ALTER TABLE `countries`
  ADD PRIMARY KEY (`id`);

--
-- Indexes for table `customers`
--
ALTER TABLE `customers`
  ADD PRIMARY KEY (`id`);

--
-- Indexes for table `departments`
--
ALTER TABLE `departments`
  ADD PRIMARY KEY (`id`);

--
-- Indexes for table `failed_jobs`
--
ALTER TABLE `failed_jobs`
  ADD PRIMARY KEY (`id`),
  ADD UNIQUE KEY `failed_jobs_uuid_unique` (`uuid`);

--
-- Indexes for table `jobs`
--
ALTER TABLE `jobs`
  ADD PRIMARY KEY (`id`),
  ADD KEY `jobs_queue_index` (`queue`);

--
-- Indexes for table `job_batches`
--
ALTER TABLE `job_batches`
  ADD PRIMARY KEY (`id`);

--
-- Indexes for table `migrations`
--
ALTER TABLE `migrations`
  ADD PRIMARY KEY (`id`);

--
-- Indexes for table `password_reset_tokens`
--
ALTER TABLE `password_reset_tokens`
  ADD PRIMARY KEY (`email`);

--
-- Indexes for table `roles`
--
ALTER TABLE `roles`
  ADD PRIMARY KEY (`id`);

--
-- Indexes for table `sessions`
--
ALTER TABLE `sessions`
  ADD PRIMARY KEY (`id`),
  ADD KEY `sessions_user_id_index` (`user_id`),
  ADD KEY `sessions_last_activity_index` (`last_activity`);

--
-- Indexes for table `staff`
--
ALTER TABLE `staff`
  ADD PRIMARY KEY (`id`);

--
-- Indexes for table `states`
--
ALTER TABLE `states`
  ADD PRIMARY KEY (`id`);

--
-- Indexes for table `users`
--
ALTER TABLE `users`
  ADD PRIMARY KEY (`id`),
  ADD UNIQUE KEY `users_email_unique` (`email`);

--
-- Indexes for table `user_profiles`
--
ALTER TABLE `user_profiles`
  ADD PRIMARY KEY (`id`),
  ADD KEY `user_profiles_user_id_foreign` (`user_id`),
  ADD KEY `user_profiles_country_id_foreign` (`country_id`),
  ADD KEY `user_profiles_state_id_foreign` (`state_id`),
  ADD KEY `user_profiles_city_id_foreign` (`city_id`);

--
-- Indexes for table `user_roles`
--
ALTER TABLE `user_roles`
  ADD PRIMARY KEY (`id`);

--
-- AUTO_INCREMENT for dumped tables
--

--
-- AUTO_INCREMENT for table `cities`
--
ALTER TABLE `cities`
  MODIFY `id` bigint UNSIGNED NOT NULL AUTO_INCREMENT, AUTO_INCREMENT=1001;

--
-- AUTO_INCREMENT for table `countries`
--
ALTER TABLE `countries`
  MODIFY `id` bigint UNSIGNED NOT NULL AUTO_INCREMENT, AUTO_INCREMENT=11;

--
-- AUTO_INCREMENT for table `customers`
--
ALTER TABLE `customers`
  MODIFY `id` bigint UNSIGNED NOT NULL AUTO_INCREMENT;

--
-- AUTO_INCREMENT for table `departments`
--
ALTER TABLE `departments`
  MODIFY `id` bigint UNSIGNED NOT NULL AUTO_INCREMENT, AUTO_INCREMENT=4;

--
-- AUTO_INCREMENT for table `failed_jobs`
--
ALTER TABLE `failed_jobs`
  MODIFY `id` bigint UNSIGNED NOT NULL AUTO_INCREMENT;

--
-- AUTO_INCREMENT for table `jobs`
--
ALTER TABLE `jobs`
  MODIFY `id` bigint UNSIGNED NOT NULL AUTO_INCREMENT;

--
-- AUTO_INCREMENT for table `migrations`
--
ALTER TABLE `migrations`
  MODIFY `id` int UNSIGNED NOT NULL AUTO_INCREMENT, AUTO_INCREMENT=28;

--
-- AUTO_INCREMENT for table `roles`
--
ALTER TABLE `roles`
  MODIFY `id` bigint UNSIGNED NOT NULL AUTO_INCREMENT, AUTO_INCREMENT=15;

--
-- AUTO_INCREMENT for table `staff`
--
ALTER TABLE `staff`
  MODIFY `id` bigint UNSIGNED NOT NULL AUTO_INCREMENT, AUTO_INCREMENT=6;

--
-- AUTO_INCREMENT for table `states`
--
ALTER TABLE `states`
  MODIFY `id` bigint UNSIGNED NOT NULL AUTO_INCREMENT, AUTO_INCREMENT=101;

--
-- AUTO_INCREMENT for table `users`
--
ALTER TABLE `users`
  MODIFY `id` bigint UNSIGNED NOT NULL AUTO_INCREMENT, AUTO_INCREMENT=17;

--
-- AUTO_INCREMENT for table `user_profiles`
--
ALTER TABLE `user_profiles`
  MODIFY `id` bigint UNSIGNED NOT NULL AUTO_INCREMENT, AUTO_INCREMENT=5;

--
-- AUTO_INCREMENT for table `user_roles`
--
ALTER TABLE `user_roles`
  MODIFY `id` bigint UNSIGNED NOT NULL AUTO_INCREMENT, AUTO_INCREMENT=4;

--
-- Constraints for dumped tables
--

--
-- Constraints for table `user_profiles`
--
ALTER TABLE `user_profiles`
  ADD CONSTRAINT `user_profiles_city_id_foreign` FOREIGN KEY (`city_id`) REFERENCES `cities` (`id`) ON DELETE SET NULL,
  ADD CONSTRAINT `user_profiles_country_id_foreign` FOREIGN KEY (`country_id`) REFERENCES `countries` (`id`) ON DELETE SET NULL,
  ADD CONSTRAINT `user_profiles_state_id_foreign` FOREIGN KEY (`state_id`) REFERENCES `states` (`id`) ON DELETE SET NULL,
  ADD CONSTRAINT `user_profiles_user_id_foreign` FOREIGN KEY (`user_id`) REFERENCES `users` (`id`) ON DELETE SET NULL;
COMMIT;

/*!40101 SET CHARACTER_SET_CLIENT=@OLD_CHARACTER_SET_CLIENT */;
/*!40101 SET CHARACTER_SET_RESULTS=@OLD_CHARACTER_SET_RESULTS */;
/*!40101 SET COLLATION_CONNECTION=@OLD_COLLATION_CONNECTION */;
